Channel Title,Channel Username,ID,Message,Date,Media Path
Fashion tera,@Fashiontera,4059,,2025-01-13 19:35:35+00:00,photos\@Fashiontera_4059.jpg
Fashion tera,@Fashiontera,4058,,2025-01-11 19:36:42+00:00,photos\@Fashiontera_4058.jpg
Fashion tera,@Fashiontera,4057,"сђ░№ИЈсђ░№ИЈсђ░№ИЈсђ░№ИЈсђ░№ИЈсђ░№ИЈсђ░№ИЈ
Under Armur
Made in Vietnam 
­ЪћИ­ЪћИ­ЪћИ­ЪћИ­ЪћИ­ЪћИ
Size    41,42,43
Price   3500
(Free Delivery)
Inbox @Hiwe5266
рѕхрѕЇріГ +251945355266

    ­ЪћХ рЇІрѕйріЋ рЅ░рѕФ /Fashion Tera ­ЪћХ
          сђ░№ИЈсђ░№ИЈсђ░№ИЈсђ░№ИЈсђ░№ИЈсђ░№ИЈсђ░№ИЈсђ░№ИЈ
ріарІхрѕФрѕ╗: ріарІ▓рѕх ріарЅарЅБ ,рїдрѕГ рѕђрІГрѕјрЅй рІхрѕфрѕЮ рЅ│рІѕрѕГ 2рЅ░ріЏ рЇјрЅЁ
рЅбрѕ« рЅЂрїЦрѕГ 205
сђ░№ИЈсђ░№ИЈсђ░№ИЈсђ░№ИЈсђ░№ИЈ",2025-01-11 15:20:03+00:00,photos\@Fashiontera_4057.jpg
Fashion tera,@Fashiontera,4056,,2025-01-11 15:20:03+00:00,photos\@Fashiontera_4056.jpg
Fashion tera,@Fashiontera,4054,,2025-01-04 16:56:49+00:00,photos\@Fashiontera_4054.jpg
Fashion tera,@Fashiontera,4053,,2025-01-04 16:56:49+00:00,photos\@Fashiontera_4053.jpg
Fashion tera,@Fashiontera,4052,,2025-01-04 16:56:49+00:00,photos\@Fashiontera_4052.jpg
Fashion tera,@Fashiontera,4051,,2025-01-04 16:56:49+00:00,photos\@Fashiontera_4051.jpg
Fashion tera,@Fashiontera,4050,,2025-01-04 16:56:49+00:00,photos\@Fashiontera_4050.jpg
Fashion tera,@Fashiontera,4049,,2025-01-04 16:56:49+00:00,photos\@Fashiontera_4049.jpg
Fashion tera,@Fashiontera,4048,,2025-01-04 16:56:49+00:00,photos\@Fashiontera_4048.jpg
Fashion tera,@Fashiontera,4047,,2025-01-04 16:56:49+00:00,photos\@Fashiontera_4047.jpg
Fashion tera,@Fashiontera,4046,,2025-01-04 16:56:49+00:00,photos\@Fashiontera_4046.jpg
Fashion tera,@Fashiontera,4045,"сђ░№ИЈсђ░№ИЈсђ░№ИЈсђ░№ИЈсђ░№ИЈсђ░№ИЈсђ░№ИЈ
Made in Vietnam 
­ЪћИ­ЪћИ­ЪћИ­ЪћИ­ЪћИ­ЪћИ
Size    42,43
Price   3400
(Free Delivery)
Inbox @Hiwe5266
рѕхрѕЇріГ +251945355266

    ­ЪћХ рЇІрѕйріЋ рЅ░рѕФ /Fashion Tera ­ЪћХ
          сђ░№ИЈсђ░№ИЈсђ░№ИЈсђ░№ИЈсђ░№ИЈсђ░№ИЈсђ░№ИЈсђ░№ИЈ
ріарІхрѕФрѕ╗: ріарІ▓рѕх ріарЅарЅБ ,рїдрѕГ рѕђрІГрѕјрЅй рІхрѕфрѕЮ рЅ│рІѕрѕГ 2рЅ░ріЏ рЇјрЅЁ
рЅбрѕ« рЅЂрїЦрѕГ 205
сђ░№ИЈсђ░№ИЈсђ░№ИЈсђ░№ИЈсђ░№ИЈ",2025-01-01 18:06:52+00:00,photos\@Fashiontera_4045.jpg
Fashion tera,@Fashiontera,4044,,2025-01-01 18:06:52+00:00,photos\@Fashiontera_4044.jpg
Fashion tera,@Fashiontera,4043,"сђ░№ИЈсђ░№ИЈсђ░№ИЈсђ░№ИЈсђ░№ИЈсђ░№ИЈсђ░№ИЈ
NB
Made in Vietnam 
­ЪћИ­ЪћИ­ЪћИ­ЪћИ­ЪћИ­ЪћИ
Size    41,42,43
Price   2900
(Free Delivery)
Inbox @Hiwe5266
рѕхрѕЇріГ +251945355266

    ­ЪћХ рЇІрѕйріЋ рЅ░рѕФ /Fashion Tera ­ЪћХ
          сђ░№ИЈсђ░№ИЈсђ░№ИЈсђ░№ИЈсђ░№ИЈсђ░№ИЈсђ░№ИЈсђ░№ИЈ
ріарІхрѕФрѕ╗: ріарІ▓рѕх ріарЅарЅБ ,рїдрѕГ рѕђрІГрѕјрЅй рІхрѕфрѕЮ рЅ│рІѕрѕГ 2рЅ░ріЏ рЇјрЅЁ
рЅбрѕ« рЅЂрїЦрѕГ 205
сђ░№ИЈсђ░№ИЈсђ░№ИЈсђ░№ИЈсђ░№ИЈ",2024-12-31 18:47:39+00:00,photos\@Fashiontera_4043.jpg
Fashion tera,@Fashiontera,4042,,2024-12-31 18:47:39+00:00,photos\@Fashiontera_4042.jpg
Fashion tera,@Fashiontera,4041,,2024-12-31 18:47:39+00:00,photos\@Fashiontera_4041.jpg
Fashion tera,@Fashiontera,4040,,2024-12-31 18:47:39+00:00,photos\@Fashiontera_4040.jpg
Fashion tera,@Fashiontera,4039,"сђ░№ИЈсђ░№ИЈсђ░№ИЈсђ░№ИЈсђ░№ИЈсђ░№ИЈсђ░№ИЈ
High Quality shoes 
­ЪћИ­ЪћИ­ЪћИ­ЪћИ­ЪћИ­ЪћИ
Size    43,44
Price   3800
(Free Delivery)
Inbox @Hiwe5266
рѕхрѕЇріГ +251945355266

    ­ЪћХ рЇІрѕйріЋ рЅ░рѕФ /Fashion Tera ­ЪћХ
          сђ░№ИЈсђ░№ИЈсђ░№ИЈсђ░№ИЈсђ░№ИЈсђ░№ИЈсђ░№ИЈсђ░№ИЈ
ріарІхрѕФрѕ╗: ріарІ▓рѕх ріарЅарЅБ ,рїдрѕГ рѕђрІГрѕјрЅй рІхрѕфрѕЮ рЅ│рІѕрѕГ 2рЅ░ріЏ рЇјрЅЁ
рЅбрѕ« рЅЂрїЦрѕГ 205
сђ░№ИЈсђ░№ИЈсђ░№ИЈсђ░№ИЈсђ░№ИЈ",2024-12-26 14:21:25+00:00,photos\@Fashiontera_4039.jpg
Fashion tera,@Fashiontera,4038,,2024-12-26 14:21:24+00:00,photos\@Fashiontera_4038.jpg
Fashion tera,@Fashiontera,4037,"сђ░№ИЈсђ░№ИЈсђ░№ИЈсђ░№ИЈсђ░№ИЈ 
Skechers 
Made in Vietnam 
­ЪћИ­ЪћИ­ЪћИ­ЪћИ­ЪћИ­ЪћИ
Size 40,42,43
Price  3200
(Free Delivery)
Inbox @Hiwe5266
рѕхрѕЇріГ +251945355266

    ­ЪћХ рЇІрѕйріЋ рЅ░рѕФ /Fashion Tera ­ЪћХ
          сђ░№ИЈсђ░№ИЈсђ░№ИЈсђ░№ИЈсђ░№ИЈсђ░№ИЈсђ░№ИЈсђ░№ИЈ
ріарІхрѕФрѕ╗: ріарІ▓рѕх ріарЅарЅБ ,рїдрѕГ рѕђрІГрѕјрЅй рІхрѕфрѕЮ рЅ│рІѕрѕГ 2рЅ░ріЏ рЇјрЅЁ
рЅбрѕ« рЅЂрїЦрѕГ 205
сђ░№ИЈсђ░№ИЈсђ░№ИЈсђ░№ИЈсђ░№ИЈ",2024-12-24 13:42:02+00:00,photos\@Fashiontera_4037.jpg
Fashion tera,@Fashiontera,4036,,2024-12-24 13:42:02+00:00,photos\@Fashiontera_4036.jpg
Fashion tera,@Fashiontera,4035,,2024-12-24 13:42:02+00:00,photos\@Fashiontera_4035.jpg
Fashion tera,@Fashiontera,4034,"сђ░№ИЈсђ░№ИЈсђ░№ИЈсђ░№ИЈсђ░№ИЈсђ░№ИЈсђ░№ИЈ
Jordan low
Made in Vietnam 
­ЪћИ­ЪћИ­ЪћИ­ЪћИ­ЪћИ­ЪћИ
Size    40,41,42,43
Price  3800
(Free Delivery)
Inbox @Hiwe5266
рѕхрѕЇріГ +251945355266

    ­ЪћХ рЇІрѕйріЋ рЅ░рѕФ /Fashion Tera ­ЪћХ
          сђ░№ИЈсђ░№ИЈсђ░№ИЈсђ░№ИЈсђ░№ИЈсђ░№ИЈсђ░№ИЈсђ░№ИЈ
ріарІхрѕФрѕ╗: ріарІ▓рѕх ріарЅарЅБ ,рїдрѕГ рѕђрІГрѕјрЅй рІхрѕфрѕЮ рЅ│рІѕрѕГ 2рЅ░ріЏ рЇјрЅЁ
рЅбрѕ« рЅЂрїЦрѕГ 205
сђ░№ИЈсђ░№ИЈсђ░№ИЈсђ░№ИЈсђ░№ИЈ",2024-12-21 16:48:29+00:00,photos\@Fashiontera_4034.jpg
Fashion tera,@Fashiontera,4033,,2024-12-21 16:48:29+00:00,photos\@Fashiontera_4033.jpg
Fashion tera,@Fashiontera,4032,,2024-12-21 16:48:29+00:00,photos\@Fashiontera_4032.jpg
Fashion tera,@Fashiontera,4031,"сђ░№ИЈсђ░№ИЈсђ░№ИЈсђ░№ИЈсђ░№ИЈсђ░№ИЈсђ░№ИЈ
Air force 1 High Quality 
Made in Vietnam 
­ЪћИ­ЪћИ­ЪћИ­ЪћИ­ЪћИ­ЪћИ
Size    40,43
Price   3500
(Free Delivery)
Inbox @Hiwe5266
рѕхрѕЇріГ +251945355266

    ­ЪћХ рЇІрѕйріЋ рЅ░рѕФ /Fashion Tera ­ЪћХ
          сђ░№ИЈсђ░№ИЈсђ░№ИЈсђ░№ИЈсђ░№ИЈсђ░№ИЈсђ░№ИЈсђ░№ИЈ
ріарІхрѕФрѕ╗: ріарІ▓рѕх ріарЅарЅБ ,рїдрѕГ рѕђрІГрѕјрЅй рІхрѕфрѕЮ рЅ│рІѕрѕГ 2рЅ░ріЏ рЇјрЅЁ
рЅбрѕ« рЅЂрїЦрѕГ 205
сђ░№ИЈсђ░№ИЈсђ░№ИЈсђ░№ИЈсђ░№ИЈ",2024-12-13 19:49:17+00:00,photos\@Fashiontera_4031.jpg
Fashion tera,@Fashiontera,4030,"сђ░№ИЈсђ░№ИЈсђ░№ИЈсђ░№ИЈсђ░№ИЈ 
­ЪћЦ­ЪћЦMen WATCH ­ЪћЦ­ЪћЦ
CLASICO
­ЪћИ­ЪћИ­ЪћИ­ЪћИ­ЪћИ­ЪћИ
Price  2200( No gift box)
(Free Delivery)
Inbox @Hiwe5266
рѕхрѕЇріГ +251945355266

    ­ЪћХ рЇІрѕйріЋ рЅ░рѕФ /Fashion Tera ­ЪћХ
          сђ░№ИЈсђ░№ИЈсђ░№ИЈсђ░№ИЈсђ░№ИЈсђ░№ИЈсђ░№ИЈсђ░№ИЈ
ріарІхрѕФрѕ╗: ріарІ▓рѕх ріарЅарЅБ ,рїдрѕГ рѕђрІГрѕјрЅй рІхрѕфрѕЮ рЅ│рІѕрѕГ 2рЅ░ріЏ рЇјрЅЁ
рЅбрѕ« рЅЂрїЦрѕГ 205
сђ░№ИЈсђ░№ИЈсђ░№ИЈсђ░№ИЈсђ░№ИЈ",2024-12-11 14:41:42+00:00,photos\@Fashiontera_4030.jpg
Fashion tera,@Fashiontera,4029,,2024-12-11 14:41:42+00:00,photos\@Fashiontera_4029.jpg
Fashion tera,@Fashiontera,4028,,2024-12-11 14:41:42+00:00,photos\@Fashiontera_4028.jpg
Fashion tera,@Fashiontera,4025,"сђ░№ИЈсђ░№ИЈсђ░№ИЈсђ░№ИЈсђ░№ИЈсђ░№ИЈсђ░№ИЈ
GOUPU
Made in Vietnam 
­ЪћИ­ЪћИ­ЪћИ­ЪћИ­ЪћИ­ЪћИ
Size  40,42
Price  3500
(Free Delivery)
Inbox @Hiwe5266
рѕхрѕЇріГ +251945355266

    ­ЪћХ рЇІрѕйріЋ рЅ░рѕФ /Fashion Tera ­ЪћХ
          сђ░№ИЈсђ░№ИЈсђ░№ИЈсђ░№ИЈсђ░№ИЈсђ░№ИЈсђ░№ИЈсђ░№ИЈ
ріарІхрѕФрѕ╗: ріарІ▓рѕх ріарЅарЅБ ,рїдрѕГ рѕђрІГрѕјрЅй рІхрѕфрѕЮ рЅ│рІѕрѕГ 2рЅ░ріЏ рЇјрЅЁ
рЅбрѕ« рЅЂрїЦрѕГ 205
сђ░№ИЈсђ░№ИЈсђ░№ИЈсђ░№ИЈсђ░№ИЈ",2024-12-04 15:35:42+00:00,photos\@Fashiontera_4025.jpg
Fashion tera,@Fashiontera,4024,"сђ░№ИЈсђ░№ИЈсђ░№ИЈсђ░№ИЈсђ░№ИЈ 
­ЪћЦ­ЪћЦGOLDEN WATCH ­ЪћЦ­ЪћЦ
ROLEX,CK,GUCCI,CYBER,CASENET
­ЪћИ­ЪћИ­ЪћИ­ЪћИ­ЪћИ­ЪћИ
( No gift box)
(Free Delivery)
Inbox @Hiwe5266
рѕхрѕЇріГ +251945355266

    ­ЪћХ рЇІрѕйріЋ рЅ░рѕФ /Fashion Tera ­ЪћХ
          сђ░№ИЈсђ░№ИЈсђ░№ИЈсђ░№ИЈсђ░№ИЈсђ░№ИЈсђ░№ИЈсђ░№ИЈ
ріарІхрѕФрѕ╗: ріарІ▓рѕх ріарЅарЅБ ,рїдрѕГ рѕђрІГрѕјрЅй рІхрѕфрѕЮ рЅ│рІѕрѕГ 2рЅ░ріЏ рЇјрЅЁ
рЅбрѕ« рЅЂрїЦрѕГ 205
сђ░№ИЈсђ░№ИЈсђ░№ИЈсђ░№ИЈсђ░№ИЈ",2024-12-03 19:52:40+00:00,photos\@Fashiontera_4024.jpg
Fashion tera,@Fashiontera,4022,,2024-12-03 19:52:40+00:00,photos\@Fashiontera_4022.jpg
Fashion tera,@Fashiontera,4021,,2024-12-03 19:52:40+00:00,photos\@Fashiontera_4021.jpg
Fashion tera,@Fashiontera,4020,,2024-12-03 19:52:40+00:00,photos\@Fashiontera_4020.jpg
Fashion tera,@Fashiontera,4019,"сђ░№ИЈсђ░№ИЈсђ░№ИЈсђ░№ИЈсђ░№ИЈ 
­ЪћЦ­ЪћЦBLACK WATCH ­ЪћЦ­ЪћЦ
RADO,ROLEX,CK,EMPORIO ARMANI
­ЪћИ­ЪћИ­ЪћИ­ЪћИ­ЪћИ­ЪћИ
Price  2200( No gift box)
(Free Delivery)
Inbox @Hiwe5266
рѕхрѕЇріГ +251945355266

    ­ЪћХ рЇІрѕйріЋ рЅ░рѕФ /Fashion Tera ­ЪћХ
          сђ░№ИЈсђ░№ИЈсђ░№ИЈсђ░№ИЈсђ░№ИЈсђ░№ИЈсђ░№ИЈсђ░№ИЈ
ріарІхрѕФрѕ╗: ріарІ▓рѕх ріарЅарЅБ ,рїдрѕГ рѕђрІГрѕјрЅй рІхрѕфрѕЮ рЅ│рІѕрѕГ 2рЅ░ріЏ рЇјрЅЁ
рЅбрѕ« рЅЂрїЦрѕГ 205
сђ░№ИЈсђ░№ИЈсђ░№ИЈсђ░№ИЈсђ░№ИЈ",2024-12-03 19:52:20+00:00,photos\@Fashiontera_4019.jpg
Fashion tera,@Fashiontera,4018,,2024-12-03 19:52:20+00:00,photos\@Fashiontera_4018.jpg
Fashion tera,@Fashiontera,4017,,2024-12-03 19:52:20+00:00,photos\@Fashiontera_4017.jpg
Fashion tera,@Fashiontera,4016,,2024-12-03 19:52:20+00:00,photos\@Fashiontera_4016.jpg
Fashion tera,@Fashiontera,4015,,2024-12-03 19:52:20+00:00,photos\@Fashiontera_4015.jpg
Fashion tera,@Fashiontera,4013,"сђ░№ИЈсђ░№ИЈсђ░№ИЈсђ░№ИЈсђ░№ИЈсђ░№ИЈсђ░№ИЈ
NB
­ЪћИ­ЪћИ­ЪћИ­ЪћИ­ЪћИ­ЪћИ
Size    41,42,43
Price   3200
(Free Delivery)
Inbox @Hiwe5266
рѕхрѕЇріГ +251945355266

    ­ЪћХ рЇІрѕйріЋ рЅ░рѕФ /Fashion Tera ­ЪћХ
          сђ░№ИЈсђ░№ИЈсђ░№ИЈсђ░№ИЈсђ░№ИЈсђ░№ИЈсђ░№ИЈсђ░№ИЈ
ріарІхрѕФрѕ╗: ріарІ▓рѕх ріарЅарЅБ ,рїдрѕГ рѕђрІГрѕјрЅй рІхрѕфрѕЮ рЅ│рІѕрѕГ 2рЅ░ріЏ рЇјрЅЁ
рЅбрѕ« рЅЂрїЦрѕГ 205
сђ░№ИЈсђ░№ИЈсђ░№ИЈсђ░№ИЈсђ░№ИЈ",2024-11-26 09:06:38+00:00,photos\@Fashiontera_4013.jpg
Fashion tera,@Fashiontera,4012,,2024-11-26 09:06:38+00:00,photos\@Fashiontera_4012.jpg
Fashion tera,@Fashiontera,4011,"сђ░№ИЈсђ░№ИЈсђ░№ИЈсђ░№ИЈсђ░№ИЈсђ░№ИЈсђ░№ИЈ
NB
­ЪћИ­ЪћИ­ЪћИ­ЪћИ­ЪћИ­ЪћИ
Size    42,43,44
Price   3800
(Free Delivery)
Inbox @Hiwe5266
рѕхрѕЇріГ +251945355266

    ­ЪћХ рЇІрѕйріЋ рЅ░рѕФ /Fashion Tera ­ЪћХ
          сђ░№ИЈсђ░№ИЈсђ░№ИЈсђ░№ИЈсђ░№ИЈсђ░№ИЈсђ░№ИЈсђ░№ИЈ
ріарІхрѕФрѕ╗: ріарІ▓рѕх ріарЅарЅБ ,рїдрѕГ рѕђрІГрѕјрЅй рІхрѕфрѕЮ рЅ│рІѕрѕГ 2рЅ░ріЏ рЇјрЅЁ
рЅбрѕ« рЅЂрїЦрѕГ 205
сђ░№ИЈсђ░№ИЈсђ░№ИЈсђ░№ИЈсђ░№ИЈ",2024-11-24 20:20:19+00:00,photos\@Fashiontera_4011.jpg
Fashion tera,@Fashiontera,4010,,2024-11-24 20:20:19+00:00,photos\@Fashiontera_4010.jpg
Fashion tera,@Fashiontera,4009,"сђ░№ИЈсђ░№ИЈсђ░№ИЈсђ░№ИЈсђ░№ИЈсђ░№ИЈсђ░№ИЈ
Jordan low
Made in Vietnam 
­ЪћИ­ЪћИ­ЪћИ­ЪћИ­ЪћИ­ЪћИ
Size    40,42
Price  3300
(Free Delivery)
Inbox @Hiwe5266
рѕхрѕЇріГ +251945355266

    ­ЪћХ рЇІрѕйріЋ рЅ░рѕФ /Fashion Tera ­ЪћХ
          сђ░№ИЈсђ░№ИЈсђ░№ИЈсђ░№ИЈсђ░№ИЈсђ░№ИЈсђ░№ИЈсђ░№ИЈ
ріарІхрѕФрѕ╗: ріарІ▓рѕх ріарЅарЅБ ,рїдрѕГ рѕђрІГрѕјрЅй рІхрѕфрѕЮ рЅ│рІѕрѕГ 2рЅ░ріЏ рЇјрЅЁ
рЅбрѕ« рЅЂрїЦрѕГ 205
сђ░№ИЈсђ░№ИЈсђ░№ИЈсђ░№ИЈсђ░№ИЈ",2024-11-20 19:07:32+00:00,photos\@Fashiontera_4009.jpg
Fashion tera,@Fashiontera,4008,,2024-11-20 19:07:32+00:00,photos\@Fashiontera_4008.jpg
Fashion tera,@Fashiontera,4007,,2024-11-20 19:07:31+00:00,photos\@Fashiontera_4007.jpg
Fashion tera,@Fashiontera,4006,"сђ░№ИЈсђ░№ИЈсђ░№ИЈсђ░№ИЈсђ░№ИЈсђ░№ИЈсђ░№ИЈ
Adidas 
Made in Vietnam 
­ЪћИ­ЪћИ­ЪћИ­ЪћИ­ЪћИ­ЪћИ
Size    41,43
Price   3500
(Free Delivery)
Inbox @Hiwe5266
рѕхрѕЇріГ +251945355266

    ­ЪћХ рЇІрѕйріЋ рЅ░рѕФ /Fashion Tera ­ЪћХ
          сђ░№ИЈсђ░№ИЈсђ░№ИЈсђ░№ИЈсђ░№ИЈсђ░№ИЈсђ░№ИЈсђ░№ИЈ
ріарІхрѕФрѕ╗: ріарІ▓рѕх ріарЅарЅБ ,рїдрѕГ рѕђрІГрѕјрЅй рІхрѕфрѕЮ рЅ│рІѕрѕГ 2рЅ░ріЏ рЇјрЅЁ
рЅбрѕ« рЅЂрїЦрѕГ 205
сђ░№ИЈсђ░№ИЈсђ░№ИЈсђ░№ИЈсђ░№ИЈ",2024-11-19 12:03:53+00:00,photos\@Fashiontera_4006.jpg
Fashion tera,@Fashiontera,4005,,2024-11-19 12:03:53+00:00,photos\@Fashiontera_4005.jpg
Fashion tera,@Fashiontera,4004,,2024-11-19 12:03:53+00:00,photos\@Fashiontera_4004.jpg
Fashion tera,@Fashiontera,4002,"сђ░№ИЈсђ░№ИЈсђ░№ИЈсђ░№ИЈсђ░№ИЈсђ░№ИЈсђ░№ИЈ
GOUPU
Made in Vietnam 
­ЪћИ­ЪћИ­ЪћИ­ЪћИ­ЪћИ­ЪћИ
Size 40,41,42,43
Price  3500
(Free Delivery)
Inbox @Hiwe5266
рѕхрѕЇріГ +251945355266

    ­ЪћХ рЇІрѕйріЋ рЅ░рѕФ /Fashion Tera ­ЪћХ
          сђ░№ИЈсђ░№ИЈсђ░№ИЈсђ░№ИЈсђ░№ИЈсђ░№ИЈсђ░№ИЈсђ░№ИЈ
ріарІхрѕФрѕ╗: ріарІ▓рѕх ріарЅарЅБ ,рїдрѕГ рѕђрІГрѕјрЅй рІхрѕфрѕЮ рЅ│рІѕрѕГ 2рЅ░ріЏ рЇјрЅЁ
рЅбрѕ« рЅЂрїЦрѕГ 205
сђ░№ИЈсђ░№ИЈсђ░№ИЈсђ░№ИЈсђ░№ИЈ",2024-11-11 15:40:08+00:00,photos\@Fashiontera_4002.jpg
Fashion tera,@Fashiontera,4001,,2024-11-11 15:40:08+00:00,photos\@Fashiontera_4001.jpg
Fashion tera,@Fashiontera,4000,,2024-11-11 15:40:08+00:00,photos\@Fashiontera_4000.jpg
Fashion tera,@Fashiontera,3999,"сђ░№ИЈсђ░№ИЈсђ░№ИЈсђ░№ИЈсђ░№ИЈсђ░№ИЈсђ░№ИЈ
Adidas 
Made in Vietnam 
­ЪћИ­ЪћИ­ЪћИ­ЪћИ­ЪћИ­ЪћИ
Size    #40
Price   3400
(Free Delivery)
Inbox @Hiwe5266
рѕхрѕЇріГ +251945355266

    ­ЪћХ рЇІрѕйріЋ рЅ░рѕФ /Fashion Tera ­ЪћХ
          сђ░№ИЈсђ░№ИЈсђ░№ИЈсђ░№ИЈсђ░№ИЈсђ░№ИЈсђ░№ИЈсђ░№ИЈ
ріарІхрѕФрѕ╗: ріарІ▓рѕх ріарЅарЅБ ,рїдрѕГ рѕђрІГрѕјрЅй рІхрѕфрѕЮ рЅ│рІѕрѕГ 2рЅ░ріЏ рЇјрЅЁ
рЅбрѕ« рЅЂрїЦрѕГ 205
сђ░№ИЈсђ░№ИЈсђ░№ИЈсђ░№ИЈсђ░№ИЈ",2024-11-03 16:53:40+00:00,photos\@Fashiontera_3999.jpg
Fashion tera,@Fashiontera,3998,"сђ░№ИЈсђ░№ИЈсђ░№ИЈсђ░№ИЈсђ░№ИЈсђ░№ИЈсђ░№ИЈ
Puma 
Made in Vietnam 
­ЪћИ­ЪћИ­ЪћИ­ЪћИ­ЪћИ­ЪћИ
Size    41,43
Price  3600
(Free Delivery)
Inbox @Hiwe5266
рѕхрѕЇріГ +251945355266

    ­ЪћХ рЇІрѕйріЋ рЅ░рѕФ /Fashion Tera ­ЪћХ
          сђ░№ИЈсђ░№ИЈсђ░№ИЈсђ░№ИЈсђ░№ИЈсђ░№ИЈсђ░№ИЈсђ░№ИЈ
ріарІхрѕФрѕ╗: ріарІ▓рѕх ріарЅарЅБ ,рїдрѕГ рѕђрІГрѕјрЅй рІхрѕфрѕЮ рЅ│рІѕрѕГ 2рЅ░ріЏ рЇјрЅЁ
рЅбрѕ« рЅЂрїЦрѕГ 205
сђ░№ИЈсђ░№ИЈсђ░№ИЈсђ░№ИЈсђ░№ИЈ",2024-11-03 16:52:10+00:00,photos\@Fashiontera_3998.jpg
Fashion tera,@Fashiontera,3994,"сђ░№ИЈсђ░№ИЈсђ░№ИЈсђ░№ИЈсђ░№ИЈ 
­ЪћЦ­ЪћЦGOLDEN WATCH ­ЪћЦ­ЪћЦ
ROLEX,CK,GUCCI,CYBER,CASENET
­ЪћИ­ЪћИ­ЪћИ­ЪћИ­ЪћИ­ЪћИ
( No gift box)
(Free Delivery)
Inbox @Hiwe5266
рѕхрѕЇріГ +251945355266

    ­ЪћХ рЇІрѕйріЋ рЅ░рѕФ /Fashion Tera ­ЪћХ
          сђ░№ИЈсђ░№ИЈсђ░№ИЈсђ░№ИЈсђ░№ИЈсђ░№ИЈсђ░№ИЈсђ░№ИЈ
ріарІхрѕФрѕ╗: ріарІ▓рѕх ріарЅарЅБ ,рїдрѕГ рѕђрІГрѕјрЅй рІхрѕфрѕЮ рЅ│рІѕрѕГ 2рЅ░ріЏ рЇјрЅЁ
рЅбрѕ« рЅЂрїЦрѕГ 205
сђ░№ИЈсђ░№ИЈсђ░№ИЈсђ░№ИЈсђ░№ИЈ",2024-10-31 14:41:10+00:00,photos\@Fashiontera_3994.jpg
Fashion tera,@Fashiontera,3993,,2024-10-31 14:41:10+00:00,photos\@Fashiontera_3993.jpg
Fashion tera,@Fashiontera,3992,,2024-10-31 14:41:10+00:00,photos\@Fashiontera_3992.jpg
Fashion tera,@Fashiontera,3991,,2024-10-31 14:41:10+00:00,photos\@Fashiontera_3991.jpg
Fashion tera,@Fashiontera,3990,,2024-10-31 14:41:09+00:00,photos\@Fashiontera_3990.jpg
Fashion tera,@Fashiontera,3989,"сђ░№ИЈсђ░№ИЈсђ░№ИЈсђ░№ИЈсђ░№ИЈсђ░№ИЈсђ░№ИЈ
Adidas 
Made in Vietnam 
­ЪћИ­ЪћИ­ЪћИ­ЪћИ­ЪћИ­ЪћИ
Size    41,42,43
Price   3400
(Free Delivery)
Inbox @Hiwe5266
рѕхрѕЇріГ +251945355266

    ­ЪћХ рЇІрѕйріЋ рЅ░рѕФ /Fashion Tera ­ЪћХ
          сђ░№ИЈсђ░№ИЈсђ░№ИЈсђ░№ИЈсђ░№ИЈсђ░№ИЈсђ░№ИЈсђ░№ИЈ
ріарІхрѕФрѕ╗: ріарІ▓рѕх ріарЅарЅБ ,рїдрѕГ рѕђрІГрѕјрЅй рІхрѕфрѕЮ рЅ│рІѕрѕГ 2рЅ░ріЏ рЇјрЅЁ
рЅбрѕ« рЅЂрїЦрѕГ 205
сђ░№ИЈсђ░№ИЈсђ░№ИЈсђ░№ИЈсђ░№ИЈ",2024-10-25 07:16:36+00:00,photos\@Fashiontera_3989.jpg
Fashion tera,@Fashiontera,3988,,2024-10-25 07:16:36+00:00,photos\@Fashiontera_3988.jpg
Fashion tera,@Fashiontera,3987,"сђ░№ИЈсђ░№ИЈсђ░№ИЈсђ░№ИЈсђ░№ИЈ 
­ЪћЦ­ЪћЦBLACK WATCH ­ЪћЦ­ЪћЦ
RADO,ROLEX,CK,EMPORIO ARMANI
­ЪћИ­ЪћИ­ЪћИ­ЪћИ­ЪћИ­ЪћИ
Price  2200( No gift box)
(Free Delivery)
Inbox @Hiwe5266
рѕхрѕЇріГ +251945355266

    ­ЪћХ рЇІрѕйріЋ рЅ░рѕФ /Fashion Tera ­ЪћХ
          сђ░№ИЈсђ░№ИЈсђ░№ИЈсђ░№ИЈсђ░№ИЈсђ░№ИЈсђ░№ИЈсђ░№ИЈ
ріарІхрѕФрѕ╗: ріарІ▓рѕх ріарЅарЅБ ,рїдрѕГ рѕђрІГрѕјрЅй рІхрѕфрѕЮ рЅ│рІѕрѕГ 2рЅ░ріЏ рЇјрЅЁ
рЅбрѕ« рЅЂрїЦрѕГ 205
сђ░№ИЈсђ░№ИЈсђ░№ИЈсђ░№ИЈсђ░№ИЈ",2024-10-23 14:20:04+00:00,photos\@Fashiontera_3987.jpg
Fashion tera,@Fashiontera,3986,,2024-10-23 14:20:04+00:00,photos\@Fashiontera_3986.jpg
Fashion tera,@Fashiontera,3985,,2024-10-23 14:20:04+00:00,photos\@Fashiontera_3985.jpg
Fashion tera,@Fashiontera,3984,,2024-10-23 14:20:04+00:00,photos\@Fashiontera_3984.jpg
Fashion tera,@Fashiontera,3983,,2024-10-23 14:20:04+00:00,photos\@Fashiontera_3983.jpg
Fashion tera,@Fashiontera,3982,"сђ░№ИЈсђ░№ИЈсђ░№ИЈсђ░№ИЈсђ░№ИЈсђ░№ИЈсђ░№ИЈ
GOUPU
Made in Vietnam 
­ЪћИ­ЪћИ­ЪћИ­ЪћИ­ЪћИ­ЪћИ
Size  41,42
Price  3500
(Free Delivery)
Inbox @Hiwe5266
рѕхрѕЇріГ +251945355266

    ­ЪћХ рЇІрѕйріЋ рЅ░рѕФ /Fashion Tera ­ЪћХ
          сђ░№ИЈсђ░№ИЈсђ░№ИЈсђ░№ИЈсђ░№ИЈсђ░№ИЈсђ░№ИЈсђ░№ИЈ
ріарІхрѕФрѕ╗: ріарІ▓рѕх ріарЅарЅБ ,рїдрѕГ рѕђрІГрѕјрЅй рІхрѕфрѕЮ рЅ│рІѕрѕГ 2рЅ░ріЏ рЇјрЅЁ
рЅбрѕ« рЅЂрїЦрѕГ 205
сђ░№ИЈсђ░№ИЈсђ░№ИЈсђ░№ИЈсђ░№ИЈ",2024-10-18 18:38:55+00:00,photos\@Fashiontera_3982.jpg
Fashion tera,@Fashiontera,3981,,2024-10-18 18:38:33+00:00,photos\@Fashiontera_3981.jpg
Fashion tera,@Fashiontera,3980,"сђ░№ИЈсђ░№ИЈсђ░№ИЈсђ░№ИЈсђ░№ИЈсђ░№ИЈсђ░№ИЈ
Air force 1 High Quality 
Made in Vietnam 
­ЪћИ­ЪћИ­ЪћИ­ЪћИ­ЪћИ­ЪћИ
Size    40,43
Price   3500
(Free Delivery)
Inbox @Hiwe5266
рѕхрѕЇріГ +251945355266

    ­ЪћХ рЇІрѕйріЋ рЅ░рѕФ /Fashion Tera ­ЪћХ
          сђ░№ИЈсђ░№ИЈсђ░№ИЈсђ░№ИЈсђ░№ИЈсђ░№ИЈсђ░№ИЈсђ░№ИЈ
ріарІхрѕФрѕ╗: ріарІ▓рѕх ріарЅарЅБ ,рїдрѕГ рѕђрІГрѕјрЅй рІхрѕфрѕЮ рЅ│рІѕрѕГ 2рЅ░ріЏ рЇјрЅЁ
рЅбрѕ« рЅЂрїЦрѕГ 205
сђ░№ИЈсђ░№ИЈсђ░№ИЈсђ░№ИЈсђ░№ИЈ",2024-10-17 14:48:21+00:00,photos\@Fashiontera_3980.jpg
Fashion tera,@Fashiontera,3979,"сђ░№ИЈсђ░№ИЈсђ░№ИЈсђ░№ИЈсђ░№ИЈ 
HainoTeko Smart Watch 
­ЪћИ­ЪћИ­ЪћИ­ЪћИ­ЪћИ­ЪћИ

Price  4500
(Free Delivery)
Inbox @Hiwe5266
рѕхрѕЇріГ +251945355266

    ­ЪћХ рЇІрѕйріЋ рЅ░рѕФ /Fashion Tera ­ЪћХ
          сђ░№ИЈсђ░№ИЈсђ░№ИЈсђ░№ИЈсђ░№ИЈсђ░№ИЈсђ░№ИЈсђ░№ИЈ
ріарІхрѕФрѕ╗: ріарІ▓рѕх ріарЅарЅБ ,рїдрѕГ рѕђрІГрѕјрЅй рІхрѕфрѕЮ рЅ│рІѕрѕГ 2рЅ░ріЏ рЇјрЅЁ
рЅбрѕ« рЅЂрїЦрѕГ 205
сђ░№ИЈсђ░№ИЈсђ░№ИЈсђ░№ИЈсђ░№ИЈ",2024-10-15 19:30:51+00:00,photos\@Fashiontera_3979.jpg
Fashion tera,@Fashiontera,3978,,2024-10-15 19:30:51+00:00,photos\@Fashiontera_3978.jpg
Fashion tera,@Fashiontera,3977,"сђ░№ИЈсђ░№ИЈсђ░№ИЈсђ░№ИЈсђ░№ИЈсђ░№ИЈсђ░№ИЈ
BAPE  Start 
Made in Vietnam 
­ЪћИ­ЪћИ­ЪћИ­ЪћИ­ЪћИ­ЪћИ
Size    42
Price   3000
(Free Delivery)
Inbox @Hiwe5266
рѕхрѕЇріГ +251945355266

    ­ЪћХ рЇІрѕйріЋ рЅ░рѕФ /Fashion Tera ­ЪћХ
          сђ░№ИЈсђ░№ИЈсђ░№ИЈсђ░№ИЈсђ░№ИЈсђ░№ИЈсђ░№ИЈсђ░№ИЈ
ріарІхрѕФрѕ╗: ріарІ▓рѕх ріарЅарЅБ ,рїдрѕГ рѕђрІГрѕјрЅй рІхрѕфрѕЮ рЅ│рІѕрѕГ 2рЅ░ріЏ рЇјрЅЁ
рЅбрѕ« рЅЂрїЦрѕГ 205
сђ░№ИЈсђ░№ИЈсђ░№ИЈсђ░№ИЈсђ░№ИЈ",2024-10-15 13:40:10+00:00,photos\@Fashiontera_3977.jpg
Fashion tera,@Fashiontera,3976,,2024-10-11 13:37:08+00:00,photos\@Fashiontera_3976.jpg
Fashion tera,@Fashiontera,3975,,2024-10-11 13:37:08+00:00,photos\@Fashiontera_3975.jpg
Fashion tera,@Fashiontera,3974,"сђ░№ИЈсђ░№ИЈсђ░№ИЈсђ░№ИЈсђ░№ИЈ 
Rolex 
­ЪћИ­ЪћИ­ЪћИ­ЪћИ­ЪћИ­ЪћИ
Price  2200( No gift box)
(Free Delivery)
Inbox @Hiwe5266
рѕхрѕЇріГ +251945355266

    ­ЪћХ рЇІрѕйріЋ рЅ░рѕФ /Fashion Tera ­ЪћХ
          сђ░№ИЈсђ░№ИЈсђ░№ИЈсђ░№ИЈсђ░№ИЈсђ░№ИЈсђ░№ИЈсђ░№ИЈ
ріарІхрѕФрѕ╗: ріарІ▓рѕх ріарЅарЅБ ,рїдрѕГ рѕђрІГрѕјрЅй рІхрѕфрѕЮ рЅ│рІѕрѕГ 2рЅ░ріЏ рЇјрЅЁ
рЅбрѕ« рЅЂрїЦрѕГ 205
сђ░№ИЈсђ░№ИЈсђ░№ИЈсђ░№ИЈсђ░№ИЈ",2024-10-11 13:37:08+00:00,photos\@Fashiontera_3974.jpg
Fashion tera,@Fashiontera,3971,"сђ░№ИЈсђ░№ИЈсђ░№ИЈсђ░№ИЈсђ░№ИЈсђ░№ИЈсђ░№ИЈ
GOUPU
Made in Vietnam 
­ЪћИ­ЪћИ­ЪћИ­ЪћИ­ЪћИ­ЪћИ
Size 40,41,42,43
Price  3500
(Free Delivery)
Inbox @Hiwe5266
рѕхрѕЇріГ +251945355266

    ­ЪћХ рЇІрѕйріЋ рЅ░рѕФ /Fashion Tera ­ЪћХ
          сђ░№ИЈсђ░№ИЈсђ░№ИЈсђ░№ИЈсђ░№ИЈсђ░№ИЈсђ░№ИЈсђ░№ИЈ
ріарІхрѕФрѕ╗: ріарІ▓рѕх ріарЅарЅБ ,рїдрѕГ рѕђрІГрѕјрЅй рІхрѕфрѕЮ рЅ│рІѕрѕГ 2рЅ░ріЏ рЇјрЅЁ
рЅбрѕ« рЅЂрїЦрѕГ 205
сђ░№ИЈсђ░№ИЈсђ░№ИЈсђ░№ИЈсђ░№ИЈ",2024-09-30 19:41:40+00:00,photos\@Fashiontera_3971.jpg
Fashion tera,@Fashiontera,3970,,2024-09-30 19:41:40+00:00,photos\@Fashiontera_3970.jpg
Fashion tera,@Fashiontera,3969,,2024-09-30 19:41:40+00:00,photos\@Fashiontera_3969.jpg
Fashion tera,@Fashiontera,3968,,2024-09-28 13:23:19+00:00,photos\@Fashiontera_3968.jpg
Fashion tera,@Fashiontera,3967,,2024-09-28 13:23:19+00:00,photos\@Fashiontera_3967.jpg
Fashion tera,@Fashiontera,3966,,2024-09-24 14:34:31+00:00,photos\@Fashiontera_3966.jpg
Fashion tera,@Fashiontera,3965,,2024-09-24 14:34:31+00:00,photos\@Fashiontera_3965.jpg
Fashion tera,@Fashiontera,3964,"сђ░№ИЈсђ░№ИЈсђ░№ИЈсђ░№ИЈсђ░№ИЈ 
CLASICO
­ЪћИ­ЪћИ­ЪћИ­ЪћИ­ЪћИ­ЪћИ
Price  2200( No gift box)
(Free Delivery)
Inbox @Hiwe5266
рѕхрѕЇріГ +251945355266

    ­ЪћХ рЇІрѕйріЋ рЅ░рѕФ /Fashion Tera ­ЪћХ
          сђ░№ИЈсђ░№ИЈсђ░№ИЈсђ░№ИЈсђ░№ИЈсђ░№ИЈсђ░№ИЈсђ░№ИЈ
ріарІхрѕФрѕ╗: ріарІ▓рѕх ріарЅарЅБ ,рїдрѕГ рѕђрІГрѕјрЅй рІхрѕфрѕЮ рЅ│рІѕрѕГ 2рЅ░ріЏ рЇјрЅЁ
рЅбрѕ« рЅЂрїЦрѕГ 205
сђ░№ИЈсђ░№ИЈсђ░№ИЈсђ░№ИЈсђ░№ИЈ",2024-09-24 14:34:31+00:00,photos\@Fashiontera_3964.jpg
Fashion tera,@Fashiontera,3963,,2024-09-21 18:56:46+00:00,photos\@Fashiontera_3963.jpg
Fashion tera,@Fashiontera,3962,"сђ░№ИЈсђ░№ИЈсђ░№ИЈсђ░№ИЈсђ░№ИЈсђ░№ИЈсђ░№ИЈ
Puma 
Made in Vietnam 
­ЪћИ­ЪћИ­ЪћИ­ЪћИ­ЪћИ­ЪћИ
Size 40,41,43
Price  3600
(Free Delivery)
Inbox @Hiwe5266
рѕхрѕЇріГ +251945355266

    ­ЪћХ рЇІрѕйріЋ рЅ░рѕФ /Fashion Tera ­ЪћХ
          сђ░№ИЈсђ░№ИЈсђ░№ИЈсђ░№ИЈсђ░№ИЈсђ░№ИЈсђ░№ИЈсђ░№ИЈ
ріарІхрѕФрѕ╗: ріарІ▓рѕх ріарЅарЅБ ,рїдрѕГ рѕђрІГрѕјрЅй рІхрѕфрѕЮ рЅ│рІѕрѕГ 2рЅ░ріЏ рЇјрЅЁ
рЅбрѕ« рЅЂрїЦрѕГ 205
сђ░№ИЈсђ░№ИЈсђ░№ИЈсђ░№ИЈсђ░№ИЈ",2024-09-18 15:26:06+00:00,photos\@Fashiontera_3962.jpg
Fashion tera,@Fashiontera,3961,,2024-09-18 15:26:06+00:00,photos\@Fashiontera_3961.jpg
Fashion tera,@Fashiontera,3960,,2024-09-18 15:26:05+00:00,photos\@Fashiontera_3960.jpg
Fashion tera,@Fashiontera,3952,,2024-09-08 16:08:15+00:00,photos\@Fashiontera_3952.jpg
Fashion tera,@Fashiontera,3950,"New year Discount 
­Ъї╝­Ъї╝­Ъї╝­Ъї╝­Ъї╝­Ъї╝­Ъї╝­Ъї╝­Ъї╝
сђ░№ИЈсђ░№ИЈсђ░№ИЈсђ░№ИЈсђ░№ИЈ 
­ЪћИ­ЪћИ­ЪћИ­ЪћИ­ЪћИ­ЪћИ
Inbox @Hiwe5266
рѕхрѕЇріГ +251945355266

    ­ЪћХ рЇІрѕйріЋ рЅ░рѕФ /Fashion Tera ­ЪћХ
          сђ░№ИЈсђ░№ИЈсђ░№ИЈсђ░№ИЈсђ░№ИЈсђ░№ИЈсђ░№ИЈсђ░№ИЈ
ріарІхрѕФрѕ╗: ріарІ▓рѕх ріарЅарЅБ ,рїдрѕГ рѕђрІГрѕјрЅй рІхрѕфрѕЮ рЅ│рІѕрѕГ 2рЅ░ріЏ рЇјрЅЁ
рЅбрѕ« рЅЂрїЦрѕГ 205
сђ░№ИЈсђ░№ИЈсђ░№ИЈсђ░№ИЈсђ░№ИЈ
­Ъї╝­Ъї╝­Ъї╝­Ъї╝­Ъї╝­Ъї╝­Ъї╝­Ъї╝­Ъї╝­Ъї╝­Ъї╝",2024-09-08 16:08:15+00:00,photos\@Fashiontera_3950.jpg
Fashion tera,@Fashiontera,3949,,2024-09-08 16:08:06+00:00,photos\@Fashiontera_3949.jpg
Fashion tera,@Fashiontera,3948,,2024-09-08 16:08:06+00:00,photos\@Fashiontera_3948.jpg
Fashion tera,@Fashiontera,3947,,2024-09-08 16:08:06+00:00,photos\@Fashiontera_3947.jpg
Fashion tera,@Fashiontera,3946,,2024-09-08 16:08:06+00:00,photos\@Fashiontera_3946.jpg
Fashion tera,@Fashiontera,3945,,2024-09-08 16:08:06+00:00,photos\@Fashiontera_3945.jpg
Fashion tera,@Fashiontera,3944,,2024-09-08 16:08:06+00:00,photos\@Fashiontera_3944.jpg
Fashion tera,@Fashiontera,3943,,2024-09-08 16:08:06+00:00,photos\@Fashiontera_3943.jpg
Fashion tera,@Fashiontera,3942,,2024-09-08 16:08:05+00:00,photos\@Fashiontera_3942.jpg
Fashion tera,@Fashiontera,3941,,2024-09-08 16:08:05+00:00,photos\@Fashiontera_3941.jpg
Fashion tera,@Fashiontera,3940,,2024-09-08 16:08:05+00:00,photos\@Fashiontera_3940.jpg
Fashion tera,@Fashiontera,3939,"сђ░№ИЈсђ░№ИЈсђ░№ИЈсђ░№ИЈсђ░№ИЈ 
Skechers 
Made in Vietnam 
­ЪћИ­ЪћИ­ЪћИ­ЪћИ­ЪћИ­ЪћИ
Size 42,43
Price  3100
(Free Delivery)
Inbox @Hiwe5266
рѕхрѕЇріГ +251945355266

    ­ЪћХ рЇІрѕйріЋ рЅ░рѕФ /Fashion Tera ­ЪћХ
          сђ░№ИЈсђ░№ИЈсђ░№ИЈсђ░№ИЈсђ░№ИЈсђ░№ИЈсђ░№ИЈсђ░№ИЈ
ріарІхрѕФрѕ╗: ріарІ▓рѕх ріарЅарЅБ ,рїдрѕГ рѕђрІГрѕјрЅй рІхрѕфрѕЮ рЅ│рІѕрѕГ 2рЅ░ріЏ рЇјрЅЁ
рЅбрѕ« рЅЂрїЦрѕГ 205
сђ░№ИЈсђ░№ИЈсђ░№ИЈсђ░№ИЈсђ░№ИЈ",2024-09-08 15:45:52+00:00,photos\@Fashiontera_3939.jpg
Fashion tera,@Fashiontera,3938,,2024-09-08 15:45:52+00:00,photos\@Fashiontera_3938.jpg
Fashion tera,@Fashiontera,3935,,2024-09-06 13:57:09+00:00,photos\@Fashiontera_3935.jpg
Fashion tera,@Fashiontera,3934,,2024-09-06 13:57:09+00:00,photos\@Fashiontera_3934.jpg
Fashion tera,@Fashiontera,3933,,2024-09-06 13:57:09+00:00,photos\@Fashiontera_3933.jpg
Fashion tera,@Fashiontera,3932,,2024-09-06 13:57:08+00:00,photos\@Fashiontera_3932.jpg
Fashion tera,@Fashiontera,3931,,2024-09-06 13:57:08+00:00,photos\@Fashiontera_3931.jpg
Fashion tera,@Fashiontera,3930,,2024-09-06 13:57:08+00:00,photos\@Fashiontera_3930.jpg
Fashion tera,@Fashiontera,3929,,2024-09-06 13:57:08+00:00,photos\@Fashiontera_3929.jpg
Fashion tera,@Fashiontera,3928,,2024-09-06 13:57:08+00:00,photos\@Fashiontera_3928.jpg
Fashion tera,@Fashiontera,3927,,2024-09-06 13:57:08+00:00,photos\@Fashiontera_3927.jpg
Fashion tera,@Fashiontera,3926,,2024-09-06 13:57:08+00:00,photos\@Fashiontera_3926.jpg
Fashion tera,@Fashiontera,3915,"сђ░№ИЈсђ░№ИЈсђ░№ИЈсђ░№ИЈсђ░№ИЈсђ░№ИЈсђ░№ИЈ
Reebok 
Made in Vietnam 
­ЪћИ­ЪћИ­ЪћИ­ЪћИ­ЪћИ­ЪћИ
Size 40,41,42
Price  2950
(Free Delivery)
Inbox @Hiwe5266
рѕхрѕЇріГ +251945355266

    ­ЪћХ рЇІрѕйріЋ рЅ░рѕФ /Fashion Tera ­ЪћХ
          сђ░№ИЈсђ░№ИЈсђ░№ИЈсђ░№ИЈсђ░№ИЈсђ░№ИЈсђ░№ИЈсђ░№ИЈ
ріарІхрѕФрѕ╗: ріарІ▓рѕх ріарЅарЅБ ,рїдрѕГ рѕђрІГрѕјрЅй рІхрѕфрѕЮ рЅ│рІѕрѕГ 2рЅ░ріЏ рЇјрЅЁ
рЅбрѕ« рЅЂрїЦрѕГ 205
сђ░№ИЈсђ░№ИЈсђ░№ИЈсђ░№ИЈсђ░№ИЈ",2024-09-01 19:38:25+00:00,photos\@Fashiontera_3915.jpg
Fashion tera,@Fashiontera,3909,"сђ░№ИЈсђ░№ИЈсђ░№ИЈсђ░№ИЈсђ░№ИЈсђ░№ИЈсђ░№ИЈ
Adidas 
Made in Vietnam 
­ЪћИ­ЪћИ­ЪћИ­ЪћИ­ЪћИ­ЪћИ
Size    40,41
Price   3400
(Free Delivery)
Inbox @Hiwe5266
рѕхрѕЇріГ +251945355266

    ­ЪћХ рЇІрѕйріЋ рЅ░рѕФ /Fashion Tera ­ЪћХ
          сђ░№ИЈсђ░№ИЈсђ░№ИЈсђ░№ИЈсђ░№ИЈсђ░№ИЈсђ░№ИЈсђ░№ИЈ
ріарІхрѕФрѕ╗: ріарІ▓рѕх ріарЅарЅБ ,рїдрѕГ рѕђрІГрѕјрЅй рІхрѕфрѕЮ рЅ│рІѕрѕГ 2рЅ░ріЏ рЇјрЅЁ
рЅбрѕ« рЅЂрїЦрѕГ 205
сђ░№ИЈсђ░№ИЈсђ░№ИЈсђ░№ИЈсђ░№ИЈ",2024-08-30 19:19:57+00:00,photos\@Fashiontera_3909.jpg
Fashion tera,@Fashiontera,3907,"сђ░№ИЈсђ░№ИЈсђ░№ИЈсђ░№ИЈсђ░№ИЈсђ░№ИЈсђ░№ИЈ
Men Jacket 
Size   L , Xl ,XXL
Price  3200
Inbox @Hiwe5266
рѕхрѕЇріГ +251945355266

    ­ЪћХ рЇІрѕйріЋ рЅ░рѕФ /Fashion Tera ­ЪћХ
          сђ░№ИЈсђ░№ИЈсђ░№ИЈсђ░№ИЈсђ░№ИЈсђ░№ИЈсђ░№ИЈсђ░№ИЈ
ріарІхрѕФрѕ╗: ріарІ▓рѕх ріарЅарЅБ ,рїдрѕГ рѕђрІГрѕјрЅй рІхрѕфрѕЮ рЅ│рІѕрѕГ 2рЅ░ріЏ рЇјрЅЁ
рЅбрѕ« рЅЂрїЦрѕГ 205
сђ░№ИЈсђ░№ИЈсђ░№ИЈсђ░№ИЈсђ░№ИЈ",2024-08-25 19:45:33+00:00,photos\@Fashiontera_3907.jpg
Fashion tera,@Fashiontera,3906,,2024-08-25 19:44:07+00:00,photos\@Fashiontera_3906.jpg
Fashion tera,@Fashiontera,3905,,2024-08-25 19:44:06+00:00,photos\@Fashiontera_3905.jpg
Fashion tera,@Fashiontera,3904,,2024-08-25 19:44:06+00:00,photos\@Fashiontera_3904.jpg
Fashion tera,@Fashiontera,3903,"сђ░№ИЈсђ░№ИЈсђ░№ИЈсђ░№ИЈсђ░№ИЈсђ░№ИЈсђ░№ИЈ
Balenciaga
Made in Vietnam 
­ЪћИ­ЪћИ­ЪћИ­ЪћИ­ЪћИ­ЪћИ
Size 36,37,38,39,40
Price  2900
(Free Delivery)
Inbox @Hiwe5266
рѕхрѕЇріГ +251945355266

    ­ЪћХ рЇІрѕйріЋ рЅ░рѕФ /Fashion Tera ­ЪћХ
          сђ░№ИЈсђ░№ИЈсђ░№ИЈсђ░№ИЈсђ░№ИЈсђ░№ИЈсђ░№ИЈсђ░№ИЈ
ріарІхрѕФрѕ╗: ріарІ▓рѕх ріарЅарЅБ ,рїдрѕГ рѕђрІГрѕјрЅй рІхрѕфрѕЮ рЅ│рІѕрѕГ 2рЅ░ріЏ рЇјрЅЁ
рЅбрѕ« рЅЂрїЦрѕГ 205
сђ░№ИЈсђ░№ИЈсђ░№ИЈсђ░№ИЈсђ░№ИЈ",2024-08-25 19:44:06+00:00,photos\@Fashiontera_3903.jpg
Fashion tera,@Fashiontera,3902,"сђ░№ИЈсђ░№ИЈсђ░№ИЈсђ░№ИЈсђ░№ИЈсђ░№ИЈсђ░№ИЈ
Fashion Shose 
­ЪћИ­ЪћИ­ЪћИ­ЪћИ­ЪћИ­ЪћИ
Size 40,41
Price  3200
(Free Delivery)
Inbox @Hiwe5266
рѕхрѕЇріГ +251945355266

    ­ЪћХ рЇІрѕйріЋ рЅ░рѕФ /Fashion Tera ­ЪћХ
          сђ░№ИЈсђ░№ИЈсђ░№ИЈсђ░№ИЈсђ░№ИЈсђ░№ИЈсђ░№ИЈсђ░№ИЈ
ріарІхрѕФрѕ╗: ріарІ▓рѕх ріарЅарЅБ ,рїдрѕГ рѕђрІГрѕјрЅй рІхрѕфрѕЮ рЅ│рІѕрѕГ 2рЅ░ріЏ рЇјрЅЁ
рЅбрѕ« рЅЂрїЦрѕГ 205
сђ░№ИЈсђ░№ИЈсђ░№ИЈсђ░№ИЈсђ░№ИЈ",2024-08-25 19:41:10+00:00,photos\@Fashiontera_3902.jpg
Fashion tera,@Fashiontera,3898,"сђ░№ИЈсђ░№ИЈсђ░№ИЈсђ░№ИЈсђ░№ИЈсђ░№ИЈсђ░№ИЈ
Nike Air-force 
Made in Vietnam 
­ЪћИ­ЪћИ­ЪћИ­ЪћИ­ЪћИ­ЪћИ
Size    41,42
Price   3900
(Free Delivery)
Inbox @Hiwe5266
рѕхрѕЇріГ +251945355266

    ­ЪћХ рЇІрѕйріЋ рЅ░рѕФ /Fashion Tera ­ЪћХ
          сђ░№ИЈсђ░№ИЈсђ░№ИЈсђ░№ИЈсђ░№ИЈсђ░№ИЈсђ░№ИЈсђ░№ИЈ
ріарІхрѕФрѕ╗: ріарІ▓рѕх ріарЅарЅБ ,рїдрѕГ рѕђрІГрѕјрЅй рІхрѕфрѕЮ рЅ│рІѕрѕГ 2рЅ░ріЏ рЇјрЅЁ
рЅбрѕ« рЅЂрїЦрѕГ 205
сђ░№ИЈсђ░№ИЈсђ░№ИЈсђ░№ИЈсђ░№ИЈ",2024-08-12 19:24:27+00:00,photos\@Fashiontera_3898.jpg
Fashion tera,@Fashiontera,3897,"сђ░№ИЈсђ░№ИЈсђ░№ИЈсђ░№ИЈсђ░№ИЈсђ░№ИЈсђ░№ИЈ
Air-force 
Made in Vietnam 
­ЪћИ­ЪћИ­ЪћИ­ЪћИ­ЪћИ­ЪћИ
Size    41,42
Price   3500
(Free Delivery)
Inbox @Hiwe5266
рѕхрѕЇріГ +251945355266

    ­ЪћХ рЇІрѕйріЋ рЅ░рѕФ /Fashion Tera ­ЪћХ
          сђ░№ИЈсђ░№ИЈсђ░№ИЈсђ░№ИЈсђ░№ИЈсђ░№ИЈсђ░№ИЈсђ░№ИЈ
ріарІхрѕФрѕ╗: ріарІ▓рѕх ріарЅарЅБ ,рїдрѕГ рѕђрІГрѕјрЅй рІхрѕфрѕЮ рЅ│рІѕрѕГ 2рЅ░ріЏ рЇјрЅЁ
рЅбрѕ« рЅЂрїЦрѕГ 205
сђ░№ИЈсђ░№ИЈсђ░№ИЈсђ░№ИЈсђ░№ИЈ",2024-08-08 16:46:16+00:00,photos\@Fashiontera_3897.jpg
Fashion tera,@Fashiontera,3896,,2024-08-08 16:46:16+00:00,photos\@Fashiontera_3896.jpg
Fashion tera,@Fashiontera,3891,"сђ░№ИЈсђ░№ИЈсђ░№ИЈсђ░№ИЈсђ░№ИЈсђ░№ИЈсђ░№ИЈ
Air-force 
Made in Vietnam 
­ЪћИ­ЪћИ­ЪћИ­ЪћИ­ЪћИ­ЪћИ
Size    40,41,42
Price   3900
(Free Delivery)
Inbox @Hiwe5266
рѕхрѕЇріГ +251945355266

    ­ЪћХ рЇІрѕйріЋ рЅ░рѕФ /Fashion Tera ­ЪћХ
          сђ░№ИЈсђ░№ИЈсђ░№ИЈсђ░№ИЈсђ░№ИЈсђ░№ИЈсђ░№ИЈсђ░№ИЈ
ріарІхрѕФрѕ╗: ріарІ▓рѕх ріарЅарЅБ ,рїдрѕГ рѕђрІГрѕјрЅй рІхрѕфрѕЮ рЅ│рІѕрѕГ 2рЅ░ріЏ рЇјрЅЁ
рЅбрѕ« рЅЂрїЦрѕГ 205
сђ░№ИЈсђ░№ИЈсђ░№ИЈсђ░№ИЈсђ░№ИЈ",2024-07-27 13:27:56+00:00,photos\@Fashiontera_3891.jpg
Fashion tera,@Fashiontera,3890,"сђ░№ИЈсђ░№ИЈсђ░№ИЈсђ░№ИЈсђ░№ИЈсђ░№ИЈсђ░№ИЈ
Nike SB
Made in Vietnam 
­ЪћИ­ЪћИ­ЪћИ­ЪћИ­ЪћИ­ЪћИ
Size    40,41,42
Price  2950
(Free Delivery)
Inbox @Hiwe5266
рѕхрѕЇріГ +251945355266

    ­ЪћХ рЇІрѕйріЋ рЅ░рѕФ /Fashion Tera ­ЪћХ
          сђ░№ИЈсђ░№ИЈсђ░№ИЈсђ░№ИЈсђ░№ИЈсђ░№ИЈсђ░№ИЈсђ░№ИЈ
ріарІхрѕФрѕ╗: ріарІ▓рѕх ріарЅарЅБ ,рїдрѕГ рѕђрІГрѕјрЅй рІхрѕфрѕЮ рЅ│рІѕрѕГ 2рЅ░ріЏ рЇјрЅЁ
рЅбрѕ« рЅЂрїЦрѕГ 205
сђ░№ИЈсђ░№ИЈсђ░№ИЈсђ░№ИЈсђ░№ИЈ",2024-07-24 15:09:47+00:00,photos\@Fashiontera_3890.jpg
Fashion tera,@Fashiontera,3889,,2024-07-24 15:09:47+00:00,photos\@Fashiontera_3889.jpg
Fashion tera,@Fashiontera,3888,,2024-07-24 15:09:47+00:00,photos\@Fashiontera_3888.jpg
Fashion tera,@Fashiontera,3887,"сђ░№ИЈсђ░№ИЈсђ░№ИЈсђ░№ИЈсђ░№ИЈсђ░№ИЈсђ░№ИЈ
LOUIS VUITTON 
Made in Vietnam 
­ЪћИ­ЪћИ­ЪћИ­ЪћИ­ЪћИ­ЪћИ
Size 41,42,43
Price  3500
(Free Delivery)
Inbox @Hiwe5266
рѕхрѕЇріГ +251945355266

    ­ЪћХ рЇІрѕйріЋ рЅ░рѕФ /Fashion Tera ­ЪћХ
          сђ░№ИЈсђ░№ИЈсђ░№ИЈсђ░№ИЈсђ░№ИЈсђ░№ИЈсђ░№ИЈсђ░№ИЈ
ріарІхрѕФрѕ╗: ріарІ▓рѕх ріарЅарЅБ ,рїдрѕГ рѕђрІГрѕјрЅй рІхрѕфрѕЮ рЅ│рІѕрѕГ 2рЅ░ріЏ рЇјрЅЁ
рЅбрѕ« рЅЂрїЦрѕГ 205
сђ░№ИЈсђ░№ИЈсђ░№ИЈсђ░№ИЈсђ░№ИЈ",2024-07-20 19:29:03+00:00,photos\@Fashiontera_3887.jpg
Fashion tera,@Fashiontera,3886,,2024-07-20 19:29:03+00:00,photos\@Fashiontera_3886.jpg
Fashion tera,@Fashiontera,3885,"сђ░№ИЈсђ░№ИЈсђ░№ИЈсђ░№ИЈсђ░№ИЈсђ░№ИЈсђ░№ИЈ
Nike Air Formula 23
Made in Vietnam 
­ЪћИ­ЪћИ­ЪћИ­ЪћИ­ЪћИ­ЪћИ
Size    42,43
Price  3400
(Free Delivery)
Inbox @Hiwe5266
рѕхрѕЇріГ +251945355266

    ­ЪћХ рЇІрѕйріЋ рЅ░рѕФ /Fashion Tera ­ЪћХ
          сђ░№ИЈсђ░№ИЈсђ░№ИЈсђ░№ИЈсђ░№ИЈсђ░№ИЈсђ░№ИЈсђ░№ИЈ
ріарІхрѕФрѕ╗: ріарІ▓рѕх ріарЅарЅБ ,рїдрѕГ рѕђрІГрѕјрЅй рІхрѕфрѕЮ рЅ│рІѕрѕГ 2рЅ░ріЏ рЇјрЅЁ
рЅбрѕ« рЅЂрїЦрѕГ 205
сђ░№ИЈсђ░№ИЈсђ░№ИЈсђ░№ИЈсђ░№ИЈ",2024-07-19 19:51:03+00:00,photos\@Fashiontera_3885.jpg
Fashion tera,@Fashiontera,3884,,2024-07-19 19:51:03+00:00,photos\@Fashiontera_3884.jpg
Fashion tera,@Fashiontera,3883,,2024-07-19 19:51:02+00:00,photos\@Fashiontera_3883.jpg
Fashion tera,@Fashiontera,3882,"сђ░№ИЈсђ░№ИЈсђ░№ИЈсђ░№ИЈсђ░№ИЈсђ░№ИЈсђ░№ИЈ
Nike Dunk vs Af1
Made in Vietnam 
­ЪћИ­ЪћИ­ЪћИ­ЪћИ­ЪћИ­ЪћИ
Size    40,43
Price   4500
(Free Delivery)
Inbox @Hiwe5266
рѕхрѕЇріГ +251945355266

    ­ЪћХ рЇІрѕйріЋ рЅ░рѕФ /Fashion Tera ­ЪћХ
          сђ░№ИЈсђ░№ИЈсђ░№ИЈсђ░№ИЈсђ░№ИЈсђ░№ИЈсђ░№ИЈсђ░№ИЈ
ріарІхрѕФрѕ╗: ріарІ▓рѕх ріарЅарЅБ ,рїдрѕГ рѕђрІГрѕјрЅй рІхрѕфрѕЮ рЅ│рІѕрѕГ 2рЅ░ріЏ рЇјрЅЁ
рЅбрѕ« рЅЂрїЦрѕГ 205
сђ░№ИЈсђ░№ИЈсђ░№ИЈсђ░№ИЈсђ░№ИЈ",2024-07-15 11:52:58+00:00,photos\@Fashiontera_3882.jpg
Fashion tera,@Fashiontera,3881,"сђ░№ИЈсђ░№ИЈсђ░№ИЈсђ░№ИЈсђ░№ИЈ 
Rolex Men Watch 
­ЪћИ­ЪћИ­ЪћИ­ЪћИ­ЪћИ­ЪћИ
Price  2200 ( No gift box)
(Free Delivery)
Inbox @Hiwe5266
рѕхрѕЇріГ +251945355266

    ­ЪћХ рЇІрѕйріЋ рЅ░рѕФ /Fashion Tera ­ЪћХ
          сђ░№ИЈсђ░№ИЈсђ░№ИЈсђ░№ИЈсђ░№ИЈсђ░№ИЈсђ░№ИЈсђ░№ИЈ
ріарІхрѕФрѕ╗: ріарІ▓рѕх ріарЅарЅБ ,рїдрѕГ рѕђрІГрѕјрЅй рІхрѕфрѕЮ рЅ│рІѕрѕГ 2рЅ░ріЏ рЇјрЅЁ
рЅбрѕ« рЅЂрїЦрѕГ 205
сђ░№ИЈсђ░№ИЈсђ░№ИЈсђ░№ИЈсђ░№ИЈ",2024-07-10 15:08:22+00:00,photos\@Fashiontera_3881.jpg
Fashion tera,@Fashiontera,3880,,2024-07-10 15:08:22+00:00,photos\@Fashiontera_3880.jpg
Fashion tera,@Fashiontera,3879,"сђ░№ИЈсђ░№ИЈсђ░№ИЈсђ░№ИЈсђ░№ИЈ 
CYBER Men Watch 
­ЪћИ­ЪћИ­ЪћИ­ЪћИ­ЪћИ­ЪћИ
Price  2500( No gift box)
(Free Delivery)
Inbox @Hiwe5266
рѕхрѕЇріГ +251945355266

    ­ЪћХ рЇІрѕйріЋ рЅ░рѕФ /Fashion Tera ­ЪћХ
          сђ░№ИЈсђ░№ИЈсђ░№ИЈсђ░№ИЈсђ░№ИЈсђ░№ИЈсђ░№ИЈсђ░№ИЈ
ріарІхрѕФрѕ╗: ріарІ▓рѕх ріарЅарЅБ ,рїдрѕГ рѕђрІГрѕјрЅй рІхрѕфрѕЮ рЅ│рІѕрѕГ 2рЅ░ріЏ рЇјрЅЁ
рЅбрѕ« рЅЂрїЦрѕГ 205
сђ░№ИЈсђ░№ИЈсђ░№ИЈсђ░№ИЈсђ░№ИЈ",2024-07-05 11:27:52+00:00,photos\@Fashiontera_3879.jpg
Fashion tera,@Fashiontera,3878,,2024-07-05 11:27:52+00:00,photos\@Fashiontera_3878.jpg
Fashion tera,@Fashiontera,3877,,2024-07-05 11:27:52+00:00,photos\@Fashiontera_3877.jpg
Fashion tera,@Fashiontera,3876,"сђ░№ИЈсђ░№ИЈсђ░№ИЈсђ░№ИЈсђ░№ИЈсђ░№ИЈсђ░№ИЈ
Fashion Shose 
­ЪћИ­ЪћИ­ЪћИ­ЪћИ­ЪћИ­ЪћИ
Size 40,41
Price  3200
(Free Delivery)
Inbox @Hiwe5266
рѕхрѕЇріГ +251945355266

    ­ЪћХ рЇІрѕйріЋ рЅ░рѕФ /Fashion Tera ­ЪћХ
          сђ░№ИЈсђ░№ИЈсђ░№ИЈсђ░№ИЈсђ░№ИЈсђ░№ИЈсђ░№ИЈсђ░№ИЈ
ріарІхрѕФрѕ╗: ріарІ▓рѕх ріарЅарЅБ ,рїдрѕГ рѕђрІГрѕјрЅй рІхрѕфрѕЮ рЅ│рІѕрѕГ 2рЅ░ріЏ рЇјрЅЁ
рЅбрѕ« рЅЂрїЦрѕГ 205
сђ░№ИЈсђ░№ИЈсђ░№ИЈсђ░№ИЈсђ░№ИЈ",2024-07-04 13:28:51+00:00,photos\@Fashiontera_3876.jpg
Fashion tera,@Fashiontera,3875,"сђ░№ИЈсђ░№ИЈсђ░№ИЈсђ░№ИЈсђ░№ИЈ 
Speed Couple watch 
­ЪћИ­ЪћИ­ЪћИ­ЪћИ­ЪћИ­ЪћИ
Prices 3500
(Free Delivery)
Inbox @Hiwe5266
рѕхрѕЇріГ +251945355266

    ­ЪћХ рЇІрѕйріЋ рЅ░рѕФ /Fashion Tera ­ЪћХ
          сђ░№ИЈсђ░№ИЈсђ░№ИЈсђ░№ИЈсђ░№ИЈсђ░№ИЈсђ░№ИЈсђ░№ИЈ
ріарІхрѕФрѕ╗: ріарІ▓рѕх ріарЅарЅБ ,рїдрѕГ рѕђрІГрѕјрЅй рІхрѕфрѕЮ рЅ│рІѕрѕГ 2рЅ░ріЏ рЇјрЅЁ
рЅбрѕ« рЅЂрїЦрѕГ 205
сђ░№ИЈсђ░№ИЈсђ░№ИЈсђ░№ИЈсђ░№ИЈ",2024-07-04 13:28:04+00:00,photos\@Fashiontera_3875.jpg
Fashion tera,@Fashiontera,3874,,2024-07-04 13:28:04+00:00,photos\@Fashiontera_3874.jpg
Fashion tera,@Fashiontera,3873,"сђ░№ИЈсђ░№ИЈсђ░№ИЈсђ░№ИЈсђ░№ИЈсђ░№ИЈсђ░№ИЈ
Fashion Shose 
­ЪћИ­ЪћИ­ЪћИ­ЪћИ­ЪћИ­ЪћИ
Size   42,43
Price  2900
(Free Delivery)
Inbox @Hiwe5266
рѕхрѕЇріГ +251945355266

    ­ЪћХ рЇІрѕйріЋ рЅ░рѕФ /Fashion Tera ­ЪћХ
          сђ░№ИЈсђ░№ИЈсђ░№ИЈсђ░№ИЈсђ░№ИЈсђ░№ИЈсђ░№ИЈсђ░№ИЈ
ріарІхрѕФрѕ╗: ріарІ▓рѕх ріарЅарЅБ ,рїдрѕГ рѕђрІГрѕјрЅй рІхрѕфрѕЮ рЅ│рІѕрѕГ 2рЅ░ріЏ рЇјрЅЁ
рЅбрѕ« рЅЂрїЦрѕГ 205
сђ░№ИЈсђ░№ИЈсђ░№ИЈсђ░№ИЈсђ░№ИЈ",2024-07-03 14:24:04+00:00,photos\@Fashiontera_3873.jpg
Fashion tera,@Fashiontera,3872,,2024-07-03 14:24:04+00:00,photos\@Fashiontera_3872.jpg
Fashion tera,@Fashiontera,3871,,2024-07-03 14:24:04+00:00,photos\@Fashiontera_3871.jpg
Fashion tera,@Fashiontera,3870,"сђ░№ИЈсђ░№ИЈсђ░№ИЈсђ░№ИЈсђ░№ИЈ 
Rolex Couple watch 
­ЪћИ­ЪћИ­ЪћИ­ЪћИ­ЪћИ 
Prices 3900
(Free Delivery)
Inbox @Hiwe5266
рѕхрѕЇріГ +251945355266

    ­ЪћХ рЇІрѕйріЋ рЅ░рѕФ /Fashion Tera ­ЪћХ
          сђ░№ИЈсђ░№ИЈсђ░№ИЈсђ░№ИЈсђ░№ИЈсђ░№ИЈсђ░№ИЈсђ░№ИЈ
ріарІхрѕФрѕ╗: ріарІ▓рѕх ріарЅарЅБ ,рїдрѕГ рѕђрІГрѕјрЅй рІхрѕфрѕЮ рЅ│рІѕрѕГ 2рЅ░ріЏ рЇјрЅЁ
рЅбрѕ« рЅЂрїЦрѕГ 205
сђ░№ИЈсђ░№ИЈсђ░№ИЈсђ░№ИЈсђ░№ИЈ",2024-06-29 18:23:07+00:00,photos\@Fashiontera_3870.jpg
Fashion tera,@Fashiontera,3869,,2024-06-29 18:23:07+00:00,photos\@Fashiontera_3869.jpg
Fashion tera,@Fashiontera,3866,,2024-06-29 13:14:19+00:00,photos\@Fashiontera_3866.jpg
Fashion tera,@Fashiontera,3865,,2024-06-29 13:14:18+00:00,photos\@Fashiontera_3865.jpg
Fashion tera,@Fashiontera,3864,,2024-06-29 13:14:18+00:00,photos\@Fashiontera_3864.jpg
Fashion tera,@Fashiontera,3863,"сђ░№ИЈсђ░№ИЈсђ░№ИЈсђ░№ИЈсђ░№ИЈсђ░№ИЈсђ░№ИЈ
Balenciaga
Made in Vietnam 
­ЪћИ­ЪћИ­ЪћИ­ЪћИ­ЪћИ­ЪћИ
Size 36,37,38,39,40
Price  2900
(Free Delivery)
Inbox @Hiwe5266
рѕхрѕЇріГ +251945355266

    ­ЪћХ рЇІрѕйріЋ рЅ░рѕФ /Fashion Tera ­ЪћХ
          сђ░№ИЈсђ░№ИЈсђ░№ИЈсђ░№ИЈсђ░№ИЈсђ░№ИЈсђ░№ИЈсђ░№ИЈ
ріарІхрѕФрѕ╗: ріарІ▓рѕх ріарЅарЅБ ,рїдрѕГ рѕђрІГрѕјрЅй рІхрѕфрѕЮ рЅ│рІѕрѕГ 2рЅ░ріЏ рЇјрЅЁ
рЅбрѕ« рЅЂрїЦрѕГ 205
сђ░№ИЈсђ░№ИЈсђ░№ИЈсђ░№ИЈсђ░№ИЈ",2024-06-29 13:14:18+00:00,photos\@Fashiontera_3863.jpg
Fashion tera,@Fashiontera,3862,"сђ░№ИЈсђ░№ИЈсђ░№ИЈсђ░№ИЈсђ░№ИЈсђ░№ИЈсђ░№ИЈ
Nike Dunk SB
Made in Vietnam 
­ЪћИ­ЪћИ­ЪћИ­ЪћИ­ЪћИ­ЪћИ
Size    42,43
Price  3500
(Free Delivery)
Inbox @Hiwe5266
рѕхрѕЇріГ +251945355266

    ­ЪћХ рЇІрѕйріЋ рЅ░рѕФ /Fashion Tera ­ЪћХ
          сђ░№ИЈсђ░№ИЈсђ░№ИЈсђ░№ИЈсђ░№ИЈсђ░№ИЈсђ░№ИЈсђ░№ИЈ
ріарІхрѕФрѕ╗: ріарІ▓рѕх ріарЅарЅБ ,рїдрѕГ рѕђрІГрѕјрЅй рІхрѕфрѕЮ рЅ│рІѕрѕГ 2рЅ░ріЏ рЇјрЅЁ
рЅбрѕ« рЅЂрїЦрѕГ 205
сђ░№ИЈсђ░№ИЈсђ░№ИЈсђ░№ИЈсђ░№ИЈ",2024-06-28 15:34:10+00:00,photos\@Fashiontera_3862.jpg
Fashion tera,@Fashiontera,3861,,2024-06-28 15:34:10+00:00,photos\@Fashiontera_3861.jpg
Fashion tera,@Fashiontera,3860,"сђ░№ИЈсђ░№ИЈсђ░№ИЈсђ░№ИЈсђ░№ИЈсђ░№ИЈсђ░№ИЈ
Adidas 
Made in Vietnam 
­ЪћИ­ЪћИ­ЪћИ­ЪћИ­ЪћИ­ЪћИ
Size    41,42,43
Price   3400
(Free Delivery)
Inbox @Hiwe5266
рѕхрѕЇріГ +251945355266

    ­ЪћХ рЇІрѕйріЋ рЅ░рѕФ /Fashion Tera ­ЪћХ
          сђ░№ИЈсђ░№ИЈсђ░№ИЈсђ░№ИЈсђ░№ИЈсђ░№ИЈсђ░№ИЈсђ░№ИЈ
ріарІхрѕФрѕ╗: ріарІ▓рѕх ріарЅарЅБ ,рїдрѕГ рѕђрІГрѕјрЅй рІхрѕфрѕЮ рЅ│рІѕрѕГ 2рЅ░ріЏ рЇјрЅЁ
рЅбрѕ« рЅЂрїЦрѕГ 205
сђ░№ИЈсђ░№ИЈсђ░№ИЈсђ░№ИЈсђ░№ИЈ",2024-06-28 15:26:41+00:00,photos\@Fashiontera_3860.jpg
Fashion tera,@Fashiontera,3859,,2024-06-28 15:26:41+00:00,photos\@Fashiontera_3859.jpg
Fashion tera,@Fashiontera,3858,,2024-06-25 15:31:11+00:00,photos\@Fashiontera_3858.jpg
Fashion tera,@Fashiontera,3857,,2024-06-25 15:31:11+00:00,photos\@Fashiontera_3857.jpg
Fashion tera,@Fashiontera,3856,,2024-06-25 15:31:11+00:00,photos\@Fashiontera_3856.jpg
Fashion tera,@Fashiontera,3855,,2024-06-25 15:31:11+00:00,photos\@Fashiontera_3855.jpg
Fashion tera,@Fashiontera,3854,,2024-06-25 15:31:11+00:00,photos\@Fashiontera_3854.jpg
Fashion tera,@Fashiontera,3853,,2024-06-25 15:31:11+00:00,photos\@Fashiontera_3853.jpg
Fashion tera,@Fashiontera,3852,,2024-06-25 15:31:10+00:00,photos\@Fashiontera_3852.jpg
Fashion tera,@Fashiontera,3851,"сђ░№ИЈсђ░№ИЈсђ░№ИЈсђ░№ИЈсђ░№ИЈсђ░№ИЈсђ░№ИЈ
Nike Dunk vs Af1
Made in Vietnam 
­ЪћИ­ЪћИ­ЪћИ­ЪћИ­ЪћИ­ЪћИ
Size    41,42,43
Price   4500
(Free Delivery)
Inbox @Hiwe5266
рѕхрѕЇріГ +251945355266

    ­ЪћХ рЇІрѕйріЋ рЅ░рѕФ /Fashion Tera ­ЪћХ
          сђ░№ИЈсђ░№ИЈсђ░№ИЈсђ░№ИЈсђ░№ИЈсђ░№ИЈсђ░№ИЈсђ░№ИЈ
ріарІхрѕФрѕ╗: ріарІ▓рѕх ріарЅарЅБ ,рїдрѕГ рѕђрІГрѕјрЅй рІхрѕфрѕЮ рЅ│рІѕрѕГ 2рЅ░ріЏ рЇјрЅЁ
рЅбрѕ« рЅЂрїЦрѕГ 205
сђ░№ИЈсђ░№ИЈсђ░№ИЈсђ░№ИЈсђ░№ИЈ",2024-06-24 13:59:46+00:00,photos\@Fashiontera_3851.jpg
Fashion tera,@Fashiontera,3846,"сђ░№ИЈсђ░№ИЈсђ░№ИЈсђ░№ИЈсђ░№ИЈсђ░№ИЈсђ░№ИЈ
Air force 1 High Quality 
Made in Vietnam 
­ЪћИ­ЪћИ­ЪћИ­ЪћИ­ЪћИ­ЪћИ
Size    39,41,42,43
Price   3700
(Free Delivery)
Inbox @Hiwe5266
рѕхрѕЇріГ +251945355266

    ­ЪћХ рЇІрѕйріЋ рЅ░рѕФ /Fashion Tera ­ЪћХ
          сђ░№ИЈсђ░№ИЈсђ░№ИЈсђ░№ИЈсђ░№ИЈсђ░№ИЈсђ░№ИЈсђ░№ИЈ
ріарІхрѕФрѕ╗: ріарІ▓рѕх ріарЅарЅБ ,рїдрѕГ рѕђрІГрѕјрЅй рІхрѕфрѕЮ рЅ│рІѕрѕГ 2рЅ░ріЏ рЇјрЅЁ
рЅбрѕ« рЅЂрїЦрѕГ 205
сђ░№ИЈсђ░№ИЈсђ░№ИЈсђ░№ИЈсђ░№ИЈ",2024-06-23 18:17:16+00:00,photos\@Fashiontera_3846.jpg
Fashion tera,@Fashiontera,3845,,2024-06-23 18:17:16+00:00,photos\@Fashiontera_3845.jpg
Fashion tera,@Fashiontera,3844,,2024-06-23 18:17:15+00:00,photos\@Fashiontera_3844.jpg
Fashion tera,@Fashiontera,3843,"сђ░№ИЈсђ░№ИЈсђ░№ИЈсђ░№ИЈсђ░№ИЈсђ░№ИЈсђ░№ИЈ
 Air Jordan 1┬аLow 
Made in Vietnam 
­ЪћИ­ЪћИ­ЪћИ­ЪћИ­ЪћИ­ЪћИ
Size  37,38
Price 2400
(Free Delivery)
Inbox @Hiwe5266
рѕхрѕЇріГ +251945355266

    ­ЪћХ рЇІрѕйріЋ рЅ░рѕФ /Fashion Tera­ЪћХ
          сђ░№ИЈсђ░№ИЈсђ░№ИЈсђ░№ИЈсђ░№ИЈсђ░№ИЈсђ░№ИЈсђ░№ИЈ
ріарІхрѕФрѕ╗: ріарІ▓рѕх ріарЅарЅБ ,рїдрѕГ рѕђрІГрѕјрЅй рІхрѕфрѕЮ рЅ│рІѕрѕГ 2рЅ░ріЏ рЇјрЅЁ
рЅбрѕ« рЅЂрїЦрѕГ 205
сђ░№ИЈсђ░№ИЈсђ░№ИЈсђ░№ИЈсђ░№ИЈ",2024-06-20 16:55:41+00:00,photos\@Fashiontera_3843.jpg
Fashion tera,@Fashiontera,3842,"сђ░№ИЈсђ░№ИЈсђ░№ИЈсђ░№ИЈсђ░№ИЈсђ░№ИЈсђ░№ИЈ
 Air Jordan 1┬а Low Travis scott
Made in Vietnam 
­ЪћИ­ЪћИ­ЪћИ­ЪћИ­ЪћИ­ЪћИ
Size  #40
Price 2400
(Free Delivery)
Inbox @Hiwe5266
рѕхрѕЇріГ +251945355266

    ­ЪћХ рЇІрѕйріЋ рЅ░рѕФ /Fashion Tera­ЪћХ
          сђ░№ИЈсђ░№ИЈсђ░№ИЈсђ░№ИЈсђ░№ИЈсђ░№ИЈсђ░№ИЈсђ░№ИЈ
ріарІхрѕФрѕ╗: ріарІ▓рѕх ріарЅарЅБ ,рїдрѕГ рѕђрІГрѕјрЅй рІхрѕфрѕЮ рЅ│рІѕрѕГ 2рЅ░ріЏ рЇјрЅЁ
рЅбрѕ« рЅЂрїЦрѕГ 205
сђ░№ИЈсђ░№ИЈсђ░№ИЈсђ░№ИЈсђ░№ИЈ",2024-06-18 19:41:49+00:00,photos\@Fashiontera_3842.jpg
Fashion tera,@Fashiontera,3841,,2024-06-18 19:41:49+00:00,photos\@Fashiontera_3841.jpg
Fashion tera,@Fashiontera,3839,,2024-06-17 18:55:36+00:00,photos\@Fashiontera_3839.jpg
Fashion tera,@Fashiontera,3837,"сђ░№ИЈсђ░№ИЈсђ░№ИЈсђ░№ИЈсђ░№ИЈсђ░№ИЈсђ░№ИЈ
Men Jacket 
Size   L , Xl
Price  3200
Inbox @Hiwe5266
рѕхрѕЇріГ +251945355266

    ­ЪћХ рЇІрѕйріЋ рЅ░рѕФ /Fashion Tera ­ЪћХ
          сђ░№ИЈсђ░№ИЈсђ░№ИЈсђ░№ИЈсђ░№ИЈсђ░№ИЈсђ░№ИЈсђ░№ИЈ
ріарІхрѕФрѕ╗: ріарІ▓рѕх ріарЅарЅБ ,рїдрѕГ рѕђрІГрѕјрЅй рІхрѕфрѕЮ рЅ│рІѕрѕГ 2рЅ░ріЏ рЇјрЅЁ
рЅбрѕ« рЅЂрїЦрѕГ 205
сђ░№ИЈсђ░№ИЈсђ░№ИЈсђ░№ИЈсђ░№ИЈ",2024-06-12 19:46:03+00:00,photos\@Fashiontera_3837.jpg
Fashion tera,@Fashiontera,3836,"сђ░№ИЈсђ░№ИЈсђ░№ИЈсђ░№ИЈсђ░№ИЈсђ░№ИЈсђ░№ИЈ
LOUIS VUITTON 
Made in Vietnam 
­ЪћИ­ЪћИ­ЪћИ­ЪћИ­ЪћИ­ЪћИ
Size 41,42,43
Price  3500
(Free Delivery)
Inbox @Hiwe5266
рѕхрѕЇріГ +251945355266

    ­ЪћХ рЇІрѕйріЋ рЅ░рѕФ /Fashion Tera ­ЪћХ
          сђ░№ИЈсђ░№ИЈсђ░№ИЈсђ░№ИЈсђ░№ИЈсђ░№ИЈсђ░№ИЈсђ░№ИЈ
ріарІхрѕФрѕ╗: ріарІ▓рѕх ріарЅарЅБ ,рїдрѕГ рѕђрІГрѕјрЅй рІхрѕфрѕЮ рЅ│рІѕрѕГ 2рЅ░ріЏ рЇјрЅЁ
рЅбрѕ« рЅЂрїЦрѕГ 205
сђ░№ИЈсђ░№ИЈсђ░№ИЈсђ░№ИЈсђ░№ИЈ",2024-06-12 19:28:28+00:00,photos\@Fashiontera_3836.jpg
Fashion tera,@Fashiontera,3835,,2024-06-12 19:28:27+00:00,photos\@Fashiontera_3835.jpg
Fashion tera,@Fashiontera,3832,"сђ░№ИЈсђ░№ИЈсђ░№ИЈсђ░№ИЈсђ░№ИЈсђ░№ИЈсђ░№ИЈ
­ЪћЦ­ЪћЦDiscount ­ЪћЦ­ЪћЦ


Made in Vietnam 
­ЪћИ­ЪћИ­ЪћИ­ЪћИ­ЪћИ­ЪћИ
Size 40,42,43,44
(Free Delivery)
Inbox @Hiwe5266
рѕхрѕЇріГ +251945355266

    ­ЪћХ рЇІрѕйріЋ рЅ░рѕФ /Fashion Tera ­ЪћХ
          сђ░№ИЈсђ░№ИЈсђ░№ИЈсђ░№ИЈсђ░№ИЈсђ░№ИЈсђ░№ИЈсђ░№ИЈ
ріарІхрѕФрѕ╗: ріарІ▓рѕх ріарЅарЅБ ,рїдрѕГ рѕђрІГрѕјрЅй рІхрѕфрѕЮ рЅ│рІѕрѕГ 2рЅ░ріЏ рЇјрЅЁ
рЅбрѕ« рЅЂрїЦрѕГ 205
сђ░№ИЈсђ░№ИЈсђ░№ИЈсђ░№ИЈсђ░№ИЈ",2024-06-05 13:53:57+00:00,photos\@Fashiontera_3832.jpg
Fashion tera,@Fashiontera,3830,,2024-06-05 13:53:56+00:00,photos\@Fashiontera_3830.jpg
Fashion tera,@Fashiontera,3829,,2024-06-05 13:53:56+00:00,photos\@Fashiontera_3829.jpg
Fashion tera,@Fashiontera,3828,,2024-06-05 13:53:56+00:00,photos\@Fashiontera_3828.jpg
Fashion tera,@Fashiontera,3827,"сђ░№ИЈсђ░№ИЈсђ░№ИЈсђ░№ИЈсђ░№ИЈсђ░№ИЈсђ░№ИЈ
­ЪћЦ­ЪћЦDiscount ­ЪћЦ­ЪћЦ

All star
Made in Vietnam 
­ЪћИ­ЪћИ­ЪћИ­ЪћИ­ЪћИ­ЪћИ
Size 40,42,43
Price  3900
(Free Delivery)
Inbox @Hiwe5266
рѕхрѕЇріГ +251945355266

    ­ЪћХ рЇІрѕйріЋ рЅ░рѕФ /Fashion Tera ­ЪћХ
          сђ░№ИЈсђ░№ИЈсђ░№ИЈсђ░№ИЈсђ░№ИЈсђ░№ИЈсђ░№ИЈсђ░№ИЈ
ріарІхрѕФрѕ╗: ріарІ▓рѕх ріарЅарЅБ ,рїдрѕГ рѕђрІГрѕјрЅй рІхрѕфрѕЮ рЅ│рІѕрѕГ 2рЅ░ріЏ рЇјрЅЁ
рЅбрѕ« рЅЂрїЦрѕГ 205
сђ░№ИЈсђ░№ИЈсђ░№ИЈсђ░№ИЈсђ░№ИЈ",2024-06-05 13:43:16+00:00,photos\@Fashiontera_3827.jpg
Fashion tera,@Fashiontera,3826,,2024-06-05 13:43:16+00:00,photos\@Fashiontera_3826.jpg
Fashion tera,@Fashiontera,3825,"сђ░№ИЈсђ░№ИЈсђ░№ИЈсђ░№ИЈсђ░№ИЈ 
Time Zone Automatic (men)
­ЪћИ­ЪћИ­ЪћИ­ЪћИ­ЪћИ­ЪћИ
Price  3500 (No gift box)
(Free Delivery)
Inbox @Hiwe5266
рѕхрѕЇріГ +251945355266

    ­ЪћХ рЇІрѕйріЋ рЅ░рѕФ /Fashion Tera ­ЪћХ
          сђ░№ИЈсђ░№ИЈсђ░№ИЈсђ░№ИЈсђ░№ИЈсђ░№ИЈсђ░№ИЈсђ░№ИЈ
ріарІхрѕФрѕ╗: ріарІ▓рѕх ріарЅарЅБ ,рїдрѕГ рѕђрІГрѕјрЅй рІхрѕфрѕЮ рЅ│рІѕрѕГ 2рЅ░ріЏ рЇјрЅЁ
рЅбрѕ« рЅЂрїЦрѕГ 205
сђ░№ИЈсђ░№ИЈсђ░№ИЈсђ░№ИЈсђ░№ИЈ",2024-06-05 13:33:29+00:00,photos\@Fashiontera_3825.jpg
Fashion tera,@Fashiontera,3824,"сђ░№ИЈсђ░№ИЈсђ░№ИЈсђ░№ИЈсђ░№ИЈсђ░№ИЈсђ░№ИЈ
All star Leather 
Made in Vietnam 
­ЪћИ­ЪћИ­ЪћИ­ЪћИ­ЪћИ­ЪћИ
Size 40,41,42
Price  2950
(Free Delivery)
Inbox @Hiwe5266
рѕхрѕЇріГ +251945355266

    ­ЪћХ рЇІрѕйріЋ рЅ░рѕФ /Fashion Tera ­ЪћХ
          сђ░№ИЈсђ░№ИЈсђ░№ИЈсђ░№ИЈсђ░№ИЈсђ░№ИЈсђ░№ИЈсђ░№ИЈ
ріарІхрѕФрѕ╗: ріарІ▓рѕх ріарЅарЅБ ,рїдрѕГ рѕђрІГрѕјрЅй рІхрѕфрѕЮ рЅ│рІѕрѕГ 2рЅ░ріЏ рЇјрЅЁ
рЅбрѕ« рЅЂрїЦрѕГ 205
сђ░№ИЈсђ░№ИЈсђ░№ИЈсђ░№ИЈсђ░№ИЈ",2024-06-03 19:46:48+00:00,photos\@Fashiontera_3824.jpg
Fashion tera,@Fashiontera,3823,"сђ░№ИЈсђ░№ИЈсђ░№ИЈсђ░№ИЈсђ░№ИЈсђ░№ИЈсђ░№ИЈ
All star Leather 
Made in Vietnam 
­ЪћИ­ЪћИ­ЪћИ­ЪћИ­ЪћИ­ЪћИ
Size   38,39
Price  2900
(Free Delivery)
Inbox @Hiwe5266
рѕхрѕЇріГ +251945355266

    ­ЪћХ рЇІрѕйріЋ рЅ░рѕФ /Fashion Tera ­ЪћХ
          сђ░№ИЈсђ░№ИЈсђ░№ИЈсђ░№ИЈсђ░№ИЈсђ░№ИЈсђ░№ИЈсђ░№ИЈ
ріарІхрѕФрѕ╗: ріарІ▓рѕх ріарЅарЅБ ,рїдрѕГ рѕђрІГрѕјрЅй рІхрѕфрѕЮ рЅ│рІѕрѕГ 2рЅ░ріЏ рЇјрЅЁ
рЅбрѕ« рЅЂрїЦрѕГ 205
сђ░№ИЈсђ░№ИЈсђ░№ИЈсђ░№ИЈсђ░№ИЈ",2024-06-03 19:46:33+00:00,photos\@Fashiontera_3823.jpg
Fashion tera,@Fashiontera,3822,,2024-06-03 19:46:33+00:00,photos\@Fashiontera_3822.jpg
Fashion tera,@Fashiontera,3821,"сђ░№ИЈсђ░№ИЈсђ░№ИЈсђ░№ИЈсђ░№ИЈсђ░№ИЈсђ░№ИЈ
Nike Air Formula 23
Made in Vietnam 
­ЪћИ­ЪћИ­ЪћИ­ЪћИ­ЪћИ­ЪћИ
Size    42,43
Price  3400
(Free Delivery)
Inbox @Hiwe5266
рѕхрѕЇріГ +251945355266

    ­ЪћХ рЇІрѕйріЋ рЅ░рѕФ /Fashion Tera ­ЪћХ
          сђ░№ИЈсђ░№ИЈсђ░№ИЈсђ░№ИЈсђ░№ИЈсђ░№ИЈсђ░№ИЈсђ░№ИЈ
ріарІхрѕФрѕ╗: ріарІ▓рѕх ріарЅарЅБ ,рїдрѕГ рѕђрІГрѕјрЅй рІхрѕфрѕЮ рЅ│рІѕрѕГ 2рЅ░ріЏ рЇјрЅЁ
рЅбрѕ« рЅЂрїЦрѕГ 205
сђ░№ИЈсђ░№ИЈсђ░№ИЈсђ░№ИЈсђ░№ИЈ",2024-05-25 17:16:39+00:00,photos\@Fashiontera_3821.jpg
Fashion tera,@Fashiontera,3820,,2024-05-25 17:16:39+00:00,photos\@Fashiontera_3820.jpg
Fashion tera,@Fashiontera,3819,,2024-05-25 17:16:39+00:00,photos\@Fashiontera_3819.jpg
Fashion tera,@Fashiontera,3818,"сђ░№ИЈсђ░№ИЈсђ░№ИЈсђ░№ИЈсђ░№ИЈсђ░№ИЈсђ░№ИЈ
Nike Dunk SB
Made in Vietnam 
­ЪћИ­ЪћИ­ЪћИ­ЪћИ­ЪћИ­ЪћИ
Size    42,43
Price  3500
(Free Delivery)
Inbox @Hiwe5266
рѕхрѕЇріГ +251945355266

    ­ЪћХ рЇІрѕйріЋ рЅ░рѕФ /Fashion Tera ­ЪћХ
          сђ░№ИЈсђ░№ИЈсђ░№ИЈсђ░№ИЈсђ░№ИЈсђ░№ИЈсђ░№ИЈсђ░№ИЈ
ріарІхрѕФрѕ╗: ріарІ▓рѕх ріарЅарЅБ ,рїдрѕГ рѕђрІГрѕјрЅй рІхрѕфрѕЮ рЅ│рІѕрѕГ 2рЅ░ріЏ рЇјрЅЁ
рЅбрѕ« рЅЂрїЦрѕГ 205
сђ░№ИЈсђ░№ИЈсђ░№ИЈсђ░№ИЈсђ░№ИЈ",2024-05-22 15:39:49+00:00,photos\@Fashiontera_3818.jpg
Fashion tera,@Fashiontera,3817,,2024-05-22 15:39:49+00:00,photos\@Fashiontera_3817.jpg
Fashion tera,@Fashiontera,3814,"сђ░№ИЈсђ░№ИЈсђ░№ИЈсђ░№ИЈсђ░№ИЈ 
FITRON, CYBER Men Watch 
­ЪћИ­ЪћИ­ЪћИ­ЪћИ­ЪћИ­ЪћИ
Price  2500( No gift box)
(Free Delivery)
Inbox @Hiwe5266
рѕхрѕЇріГ +251945355266

    ­ЪћХ рЇІрѕйріЋ рЅ░рѕФ /Fashion Tera ­ЪћХ
          сђ░№ИЈсђ░№ИЈсђ░№ИЈсђ░№ИЈсђ░№ИЈсђ░№ИЈсђ░№ИЈсђ░№ИЈ
ріарІхрѕФрѕ╗: ріарІ▓рѕх ріарЅарЅБ ,рїдрѕГ рѕђрІГрѕјрЅй рІхрѕфрѕЮ рЅ│рІѕрѕГ 2рЅ░ріЏ рЇјрЅЁ
рЅбрѕ« рЅЂрїЦрѕГ 205
сђ░№ИЈсђ░№ИЈсђ░№ИЈсђ░№ИЈсђ░№ИЈ",2024-05-19 13:28:19+00:00,photos\@Fashiontera_3814.jpg
Fashion tera,@Fashiontera,3813,,2024-05-19 13:28:19+00:00,photos\@Fashiontera_3813.jpg
Fashion tera,@Fashiontera,3812,,2024-05-19 13:28:19+00:00,photos\@Fashiontera_3812.jpg
Fashion tera,@Fashiontera,3811,"сђ░№ИЈсђ░№ИЈсђ░№ИЈсђ░№ИЈсђ░№ИЈсђ░№ИЈсђ░№ИЈ
Nike 
Made in Vietnam 
­ЪћИ­ЪћИ­ЪћИ­ЪћИ­ЪћИ­ЪћИ
Size  41,42
Price  2900
(Free Delivery)
Inbox @Hiwe5266
рѕхрѕЇріГ +251945355266

    ­ЪћХ рЇІрѕйріЋ рЅ░рѕФ /Fashion Tera ­ЪћХ
          сђ░№ИЈсђ░№ИЈсђ░№ИЈсђ░№ИЈсђ░№ИЈсђ░№ИЈсђ░№ИЈсђ░№ИЈ
ріарІхрѕФрѕ╗: ріарІ▓рѕх ріарЅарЅБ ,рїдрѕГ рѕђрІГрѕјрЅй рІхрѕфрѕЮ рЅ│рІѕрѕГ 2рЅ░ріЏ рЇјрЅЁ
рЅбрѕ« рЅЂрїЦрѕГ 205
сђ░№ИЈсђ░№ИЈсђ░№ИЈсђ░№ИЈсђ░№ИЈ",2024-05-13 08:03:57+00:00,photos\@Fashiontera_3811.jpg
Fashion tera,@Fashiontera,3810,"сђ░№ИЈсђ░№ИЈсђ░№ИЈсђ░№ИЈсђ░№ИЈсђ░№ИЈсђ░№ИЈ
Nike 
Made in Vietnam 
­ЪћИ­ЪћИ­ЪћИ­ЪћИ­ЪћИ­ЪћИ
Size  41,42,43
Price  3600
(Free Delivery)
Inbox @Hiwe5266
рѕхрѕЇріГ +251945355266

    ­ЪћХ рЇІрѕйріЋ рЅ░рѕФ /Fashion Tera ­ЪћХ
          сђ░№ИЈсђ░№ИЈсђ░№ИЈсђ░№ИЈсђ░№ИЈсђ░№ИЈсђ░№ИЈсђ░№ИЈ
ріарІхрѕФрѕ╗: ріарІ▓рѕх ріарЅарЅБ ,рїдрѕГ рѕђрІГрѕјрЅй рІхрѕфрѕЮ рЅ│рІѕрѕГ 2рЅ░ріЏ рЇјрЅЁ
рЅбрѕ« рЅЂрїЦрѕГ 205
сђ░№ИЈсђ░№ИЈсђ░№ИЈсђ░№ИЈсђ░№ИЈ",2024-05-13 08:03:28+00:00,photos\@Fashiontera_3810.jpg
Fashion tera,@Fashiontera,3809,,2024-05-10 15:41:50+00:00,photos\@Fashiontera_3809.jpg
Fashion tera,@Fashiontera,3805,"сђ░№ИЈсђ░№ИЈсђ░№ИЈсђ░№ИЈсђ░№ИЈ 
EMPORIO ARMANI Men Watch 
­ЪћИ­ЪћИ­ЪћИ­ЪћИ­ЪћИ­ЪћИ
Price  2200 ( No gift box)
(Free Delivery)
Inbox @Hiwe5266
рѕхрѕЇріГ +251945355266

    ­ЪћХ рЇІрѕйріЋ рЅ░рѕФ /Fashion Tera ­ЪћХ
          сђ░№ИЈсђ░№ИЈсђ░№ИЈсђ░№ИЈсђ░№ИЈсђ░№ИЈсђ░№ИЈсђ░№ИЈ
ріарІхрѕФрѕ╗: ріарІ▓рѕх ріарЅарЅБ ,рїдрѕГ рѕђрІГрѕјрЅй рІхрѕфрѕЮ рЅ│рІѕрѕГ 2рЅ░ріЏ рЇјрЅЁ
рЅбрѕ« рЅЂрїЦрѕГ 205
сђ░№ИЈсђ░№ИЈсђ░№ИЈсђ░№ИЈсђ░№ИЈ",2024-05-03 10:41:48+00:00,photos\@Fashiontera_3805.jpg
Fashion tera,@Fashiontera,3804,,2024-05-03 10:41:48+00:00,photos\@Fashiontera_3804.jpg
Fashion tera,@Fashiontera,3803,,2024-04-27 19:44:18+00:00,photos\@Fashiontera_3803.jpg
Fashion tera,@Fashiontera,3802,,2024-04-27 19:44:18+00:00,photos\@Fashiontera_3802.jpg
Fashion tera,@Fashiontera,3801,"сђ░№ИЈсђ░№ИЈсђ░№ИЈсђ░№ИЈсђ░№ИЈсђ░№ИЈсђ░№ИЈ
Fashion Shose 
­ЪћИ­ЪћИ­ЪћИ­ЪћИ­ЪћИ­ЪћИ
Size 40,41,42,43
Price  3200
(Free Delivery)
Inbox @Hiwe5266
рѕхрѕЇріГ +251945355266

    ­ЪћХ рЇІрѕйріЋ рЅ░рѕФ /Fashion Tera ­ЪћХ
          сђ░№ИЈсђ░№ИЈсђ░№ИЈсђ░№ИЈсђ░№ИЈсђ░№ИЈсђ░№ИЈсђ░№ИЈ
ріарІхрѕФрѕ╗: ріарІ▓рѕх ріарЅарЅБ ,рїдрѕГ рѕђрІГрѕјрЅй рІхрѕфрѕЮ рЅ│рІѕрѕГ 2рЅ░ріЏ рЇјрЅЁ
рЅбрѕ« рЅЂрїЦрѕГ 205
сђ░№ИЈсђ░№ИЈсђ░№ИЈсђ░№ИЈсђ░№ИЈ",2024-04-25 13:35:47+00:00,photos\@Fashiontera_3801.jpg
Fashion tera,@Fashiontera,3800,,2024-04-25 13:35:47+00:00,photos\@Fashiontera_3800.jpg
Fashion tera,@Fashiontera,3799,,2024-04-25 13:35:47+00:00,photos\@Fashiontera_3799.jpg
Fashion tera,@Fashiontera,3798,"сђ░№ИЈсђ░№ИЈсђ░№ИЈсђ░№ИЈсђ░№ИЈ 
CK , Rolex Men Watch 
­ЪћИ­ЪћИ­ЪћИ­ЪћИ­ЪћИ­ЪћИ
Price  2200 ( No gift box)
(Free Delivery)
Inbox @Hiwe5266
рѕхрѕЇріГ +251945355266

    ­ЪћХ рЇІрѕйріЋ рЅ░рѕФ /Fashion Tera ­ЪћХ
          сђ░№ИЈсђ░№ИЈсђ░№ИЈсђ░№ИЈсђ░№ИЈсђ░№ИЈсђ░№ИЈсђ░№ИЈ
ріарІхрѕФрѕ╗: ріарІ▓рѕх ріарЅарЅБ ,рїдрѕГ рѕђрІГрѕјрЅй рІхрѕфрѕЮ рЅ│рІѕрѕГ 2рЅ░ріЏ рЇјрЅЁ
рЅбрѕ« рЅЂрїЦрѕГ 205
сђ░№ИЈсђ░№ИЈсђ░№ИЈсђ░№ИЈсђ░№ИЈ",2024-04-19 18:39:58+00:00,photos\@Fashiontera_3798.jpg
Fashion tera,@Fashiontera,3797,,2024-04-19 18:39:58+00:00,photos\@Fashiontera_3797.jpg
Fashion tera,@Fashiontera,3795,"сђ░№ИЈсђ░№ИЈсђ░№ИЈсђ░№ИЈсђ░№ИЈ 
Rolex Couple Watch 
­ЪћИ­ЪћИ­ЪћИ­ЪћИ­ЪћИ­ЪћИ
Price  3900
(Free Delivery)
Inbox @Hiwe5266
рѕхрѕЇріГ +251945355266

    ­ЪћХ рЇІрѕйріЋ рЅ░рѕФ /Fashion Tera ­ЪћХ
          сђ░№ИЈсђ░№ИЈсђ░№ИЈсђ░№ИЈсђ░№ИЈсђ░№ИЈсђ░№ИЈсђ░№ИЈ
ріарІхрѕФрѕ╗: ріарІ▓рѕх ріарЅарЅБ ,рїдрѕГ рѕђрІГрѕјрЅй рІхрѕфрѕЮ рЅ│рІѕрѕГ 2рЅ░ріЏ рЇјрЅЁ
рЅбрѕ« рЅЂрїЦрѕГ 205
сђ░№ИЈсђ░№ИЈсђ░№ИЈсђ░№ИЈсђ░№ИЈ",2024-04-16 20:01:48+00:00,
Fashion tera,@Fashiontera,3794,,2024-04-16 17:00:30+00:00,
Fashion tera,@Fashiontera,3792,"сђ░№ИЈсђ░№ИЈсђ░№ИЈсђ░№ИЈсђ░№ИЈсђ░№ИЈсђ░№ИЈ
Adidas Durango
Made in Vietnam 
­ЪћИ­ЪћИ­ЪћИ­ЪћИ­ЪћИ­ЪћИ
Size 40,41,42,43
Price  3200
(Free Delivery)
Inbox @Hiwe5266
рѕхрѕЇріГ +251945355266

    ­ЪћХ рЇІрѕйріЋ рЅ░рѕФ /Fashion Tera ­ЪћХ
          сђ░№ИЈсђ░№ИЈсђ░№ИЈсђ░№ИЈсђ░№ИЈсђ░№ИЈсђ░№ИЈсђ░№ИЈ
ріарІхрѕФрѕ╗: ріарІ▓рѕх ріарЅарЅБ ,рїдрѕГ рѕђрІГрѕјрЅй рІхрѕфрѕЮ рЅ│рІѕрѕГ 2рЅ░ріЏ рЇјрЅЁ
рЅбрѕ« рЅЂрїЦрѕГ 205
сђ░№ИЈсђ░№ИЈсђ░№ИЈсђ░№ИЈсђ░№ИЈ",2024-04-15 14:28:29+00:00,photos\@Fashiontera_3792.jpg
Fashion tera,@Fashiontera,3791,,2024-04-15 14:28:28+00:00,photos\@Fashiontera_3791.jpg
Fashion tera,@Fashiontera,3790,"сђ░№ИЈсђ░№ИЈсђ░№ИЈсђ░№ИЈсђ░№ИЈсђ░№ИЈсђ░№ИЈ
Balenciaga
Made in Vietnam 
­ЪћИ­ЪћИ­ЪћИ­ЪћИ­ЪћИ­ЪћИ
Size 40,41,42,43
Price  3000
(Free Delivery)
Inbox @Hiwe5266
рѕхрѕЇріГ +251945355266

    ­ЪћХ рЇІрѕйріЋ рЅ░рѕФ /Fashion Tera ­ЪћХ
          сђ░№ИЈсђ░№ИЈсђ░№ИЈсђ░№ИЈсђ░№ИЈсђ░№ИЈсђ░№ИЈсђ░№ИЈ
ріарІхрѕФрѕ╗: ріарІ▓рѕх ріарЅарЅБ ,рїдрѕГ рѕђрІГрѕјрЅй рІхрѕфрѕЮ рЅ│рІѕрѕГ 2рЅ░ріЏ рЇјрЅЁ
рЅбрѕ« рЅЂрїЦрѕГ 205
сђ░№ИЈсђ░№ИЈсђ░№ИЈсђ░№ИЈсђ░№ИЈ",2024-04-12 14:30:19+00:00,photos\@Fashiontera_3790.jpg
Fashion tera,@Fashiontera,3788,"сђ░№ИЈсђ░№ИЈсђ░№ИЈсђ░№ИЈсђ░№ИЈ 
Speed Couple Watch 
­ЪћИ­ЪћИ­ЪћИ­ЪћИ­ЪћИ­ЪћИ
Price  3800
(Free Delivery)
Inbox @Hiwe5266
рѕхрѕЇріГ +251945355266

    ­ЪћХ рЇІрѕйріЋ рЅ░рѕФ /Fashion Tera ­ЪћХ
          сђ░№ИЈсђ░№ИЈсђ░№ИЈсђ░№ИЈсђ░№ИЈсђ░№ИЈсђ░№ИЈсђ░№ИЈ
ріарІхрѕФрѕ╗: ріарІ▓рѕх ріарЅарЅБ ,рїдрѕГ рѕђрІГрѕјрЅй рІхрѕфрѕЮ рЅ│рІѕрѕГ 2рЅ░ріЏ рЇјрЅЁ
рЅбрѕ« рЅЂрїЦрѕГ 205
сђ░№ИЈсђ░№ИЈсђ░№ИЈсђ░№ИЈсђ░№ИЈ",2024-04-09 13:29:23+00:00,photos\@Fashiontera_3788.jpg
Fashion tera,@Fashiontera,3787,,2024-04-09 13:29:23+00:00,photos\@Fashiontera_3787.jpg
Fashion tera,@Fashiontera,3786,,2024-04-09 13:29:23+00:00,photos\@Fashiontera_3786.jpg
Fashion tera,@Fashiontera,3785,,2024-04-05 15:25:00+00:00,photos\@Fashiontera_3785.jpg
Fashion tera,@Fashiontera,3784,"сђ░№ИЈсђ░№ИЈсђ░№ИЈсђ░№ИЈсђ░№ИЈсђ░№ИЈсђ░№ИЈ
Nike SB
Made in Vietnam 
­ЪћИ­ЪћИ­ЪћИ­ЪћИ­ЪћИ­ЪћИ
Size 40,42,43
Price  2950
(Free Delivery)
Inbox @Hiwe5266
рѕхрѕЇріГ +251945355266

    ­ЪћХ рЇІрѕйріЋ рЅ░рѕФ /Fashion Tera ­ЪћХ
          сђ░№ИЈсђ░№ИЈсђ░№ИЈсђ░№ИЈсђ░№ИЈсђ░№ИЈсђ░№ИЈсђ░№ИЈ
ріарІхрѕФрѕ╗: ріарІ▓рѕх ріарЅарЅБ ,рїдрѕГ рѕђрІГрѕјрЅй рІхрѕфрѕЮ рЅ│рІѕрѕГ 2рЅ░ріЏ рЇјрЅЁ
рЅбрѕ« рЅЂрїЦрѕГ 205
сђ░№ИЈсђ░№ИЈсђ░№ИЈсђ░№ИЈсђ░№ИЈ",2024-04-05 14:31:50+00:00,photos\@Fashiontera_3784.jpg
Fashion tera,@Fashiontera,3783,,2024-04-05 14:31:49+00:00,photos\@Fashiontera_3783.jpg
Fashion tera,@Fashiontera,3782,,2024-04-05 14:31:49+00:00,photos\@Fashiontera_3782.jpg
Fashion tera,@Fashiontera,3781,"сђ░№ИЈсђ░№ИЈсђ░№ИЈсђ░№ИЈсђ░№ИЈ 
CHANEL , ROLEX ­ЪњЃ
­ЪћИ­ЪћИ­ЪћИ­ЪћИ­ЪћИ­ЪћИ
Price  2000( No gift box)
(Free Delivery)
Inbox @Hiwe5266
рѕхрѕЇріГ +251945355266

    ­ЪћХ рЇІрѕйріЋ рЅ░рѕФ /Fashion Tera ­ЪћХ
          сђ░№ИЈсђ░№ИЈсђ░№ИЈсђ░№ИЈсђ░№ИЈсђ░№ИЈсђ░№ИЈсђ░№ИЈ
ріарІхрѕФрѕ╗: ріарІ▓рѕх ріарЅарЅБ ,рїдрѕГ рѕђрІГрѕјрЅй рІхрѕфрѕЮ рЅ│рІѕрѕГ 2рЅ░ріЏ рЇјрЅЁ
рЅбрѕ« рЅЂрїЦрѕГ 205
сђ░№ИЈсђ░№ИЈсђ░№ИЈсђ░№ИЈсђ░№ИЈ",2024-04-02 15:36:03+00:00,photos\@Fashiontera_3781.jpg
Fashion tera,@Fashiontera,3780,,2024-04-02 15:36:03+00:00,photos\@Fashiontera_3780.jpg
Fashion tera,@Fashiontera,3779,"сђ░№ИЈсђ░№ИЈсђ░№ИЈсђ░№ИЈсђ░№ИЈсђ░№ИЈсђ░№ИЈ
Skechers 
Made in Vietnam 
­ЪћИ­ЪћИ­ЪћИ­ЪћИ­ЪћИ­ЪћИ
Size 40,41,42,43
Price  2800
(Free Delivery)
Inbox @Hiwe5266
рѕхрѕЇріГ +251945355266

    ­ЪћХ рЇІрѕйріЋ рЅ░рѕФ /Fashion Tera ­ЪћХ
          сђ░№ИЈсђ░№ИЈсђ░№ИЈсђ░№ИЈсђ░№ИЈсђ░№ИЈсђ░№ИЈсђ░№ИЈ
ріарІхрѕФрѕ╗: ріарІ▓рѕх ріарЅарЅБ ,рїдрѕГ рѕђрІГрѕјрЅй рІхрѕфрѕЮ рЅ│рІѕрѕГ 2рЅ░ріЏ рЇјрЅЁ
рЅбрѕ« рЅЂрїЦрѕГ 205
сђ░№ИЈсђ░№ИЈсђ░№ИЈсђ░№ИЈсђ░№ИЈ",2024-03-28 19:53:51+00:00,photos\@Fashiontera_3779.jpg
Fashion tera,@Fashiontera,3778,,2024-03-28 19:53:51+00:00,photos\@Fashiontera_3778.jpg
Fashion tera,@Fashiontera,3777,,2024-03-28 19:49:59+00:00,photos\@Fashiontera_3777.jpg
Fashion tera,@Fashiontera,3776,,2024-03-28 19:49:59+00:00,photos\@Fashiontera_3776.jpg
Fashion tera,@Fashiontera,3775,,2024-03-27 17:03:00+00:00,photos\@Fashiontera_3775.jpg
Fashion tera,@Fashiontera,3774,,2024-03-27 17:03:00+00:00,photos\@Fashiontera_3774.jpg
Fashion tera,@Fashiontera,3773,,2024-03-27 17:03:00+00:00,photos\@Fashiontera_3773.jpg
Fashion tera,@Fashiontera,3772,"сђ░№ИЈсђ░№ИЈсђ░№ИЈсђ░№ИЈсђ░№ИЈсђ░№ИЈсђ░№ИЈ
Reebok 
Made in Vietnam 
­ЪћИ­ЪћИ­ЪћИ­ЪћИ­ЪћИ­ЪћИ
Size 40,41,42,43
Price  2950
(Free Delivery)
Inbox @Hiwe5266
рѕхрѕЇріГ +251945355266

    ­ЪћХ рЇІрѕйріЋ рЅ░рѕФ /Fashion Tera ­ЪћХ
          сђ░№ИЈсђ░№ИЈсђ░№ИЈсђ░№ИЈсђ░№ИЈсђ░№ИЈсђ░№ИЈсђ░№ИЈ
ріарІхрѕФрѕ╗: ріарІ▓рѕх ріарЅарЅБ ,рїдрѕГ рѕђрІГрѕјрЅй рІхрѕфрѕЮ рЅ│рІѕрѕГ 2рЅ░ріЏ рЇјрЅЁ
рЅбрѕ« рЅЂрїЦрѕГ 205
сђ░№ИЈсђ░№ИЈсђ░№ИЈсђ░№ИЈсђ░№ИЈ",2024-03-27 17:02:59+00:00,photos\@Fashiontera_3772.jpg
Fashion tera,@Fashiontera,3770,"сђ░№ИЈсђ░№ИЈсђ░№ИЈсђ░№ИЈсђ░№ИЈсђ░№ИЈсђ░№ИЈ
All star Leather 
Made in Vietnam 
­ЪћИ­ЪћИ­ЪћИ­ЪћИ­ЪћИ­ЪћИ
Size 41,42,43
Price  2950
(Free Delivery)
Inbox @Hiwe5266
рѕхрѕЇріГ +251945355266

    ­ЪћХ рЇІрѕйріЋ рЅ░рѕФ /Fashion Tera ­ЪћХ
          сђ░№ИЈсђ░№ИЈсђ░№ИЈсђ░№ИЈсђ░№ИЈсђ░№ИЈсђ░№ИЈсђ░№ИЈ
ріарІхрѕФрѕ╗: ріарІ▓рѕх ріарЅарЅБ ,рїдрѕГ рѕђрІГрѕјрЅй рІхрѕфрѕЮ рЅ│рІѕрѕГ 2рЅ░ріЏ рЇјрЅЁ
рЅбрѕ« рЅЂрїЦрѕГ 205
сђ░№ИЈсђ░№ИЈсђ░№ИЈсђ░№ИЈсђ░№ИЈ",2024-03-25 19:48:51+00:00,photos\@Fashiontera_3770.jpg
Fashion tera,@Fashiontera,3768,,2024-03-25 13:48:32+00:00,photos\@Fashiontera_3768.jpg
Fashion tera,@Fashiontera,3767,"сђ░№ИЈсђ░№ИЈсђ░№ИЈсђ░№ИЈсђ░№ИЈсђ░№ИЈсђ░№ИЈ
Air force 1 High Quality 
Made in Vietnam 
­ЪћИ­ЪћИ­ЪћИ­ЪћИ­ЪћИ­ЪћИ
Size    41,42,43
Price   3700
(Free Delivery)
Inbox @Hiwe5266
рѕхрѕЇріГ +251945355266

    ­ЪћХ рЇІрѕйріЋ рЅ░рѕФ /Fashion Tera ­ЪћХ
          сђ░№ИЈсђ░№ИЈсђ░№ИЈсђ░№ИЈсђ░№ИЈсђ░№ИЈсђ░№ИЈсђ░№ИЈ
ріарІхрѕФрѕ╗: ріарІ▓рѕх ріарЅарЅБ ,рїдрѕГ рѕђрІГрѕјрЅй рІхрѕфрѕЮ рЅ│рІѕрѕГ 2рЅ░ріЏ рЇјрЅЁ
рЅбрѕ« рЅЂрїЦрѕГ 205
сђ░№ИЈсђ░№ИЈсђ░№ИЈсђ░№ИЈсђ░№ИЈ",2024-03-24 13:09:10+00:00,photos\@Fashiontera_3767.jpg
Fashion tera,@Fashiontera,3766,,2024-03-24 13:09:10+00:00,photos\@Fashiontera_3766.jpg
Fashion tera,@Fashiontera,3765,,2024-03-24 13:09:10+00:00,photos\@Fashiontera_3765.jpg
Fashion tera,@Fashiontera,3760,"сђ░№ИЈсђ░№ИЈсђ░№ИЈсђ░№ИЈсђ░№ИЈ 
Rolex Men Watch 
­ЪћИ­ЪћИ­ЪћИ­ЪћИ­ЪћИ­ЪћИ
Price  2200 ( No gift box)
(Free Delivery)
Inbox @Hiwe5266
рѕхрѕЇріГ +251945355266

    ­ЪћХ рЇІрѕйріЋ рЅ░рѕФ /Fashion Tera ­ЪћХ
          сђ░№ИЈсђ░№ИЈсђ░№ИЈсђ░№ИЈсђ░№ИЈсђ░№ИЈсђ░№ИЈсђ░№ИЈ
ріарІхрѕФрѕ╗: ріарІ▓рѕх ріарЅарЅБ ,рїдрѕГ рѕђрІГрѕјрЅй рІхрѕфрѕЮ рЅ│рІѕрѕГ 2рЅ░ріЏ рЇјрЅЁ
рЅбрѕ« рЅЂрїЦрѕГ 205
сђ░№ИЈсђ░№ИЈсђ░№ИЈсђ░№ИЈсђ░№ИЈ",2024-03-15 08:28:35+00:00,photos\@Fashiontera_3760.jpg
Fashion tera,@Fashiontera,3759,"сђ░№ИЈсђ░№ИЈсђ░№ИЈсђ░№ИЈсђ░№ИЈсђ░№ИЈсђ░№ИЈ
NB
­ЪћИ­ЪћИ­ЪћИ­ЪћИ­ЪћИ­ЪћИ
Size    41,42
Price  2500
(Free Delivery)
Inbox @Hiwe5266
рѕхрѕЇріГ +251945355266

    ­ЪћХ рЇІрѕйріЋ рЅ░рѕФ /Fashion Tera ­ЪћХ
          сђ░№ИЈсђ░№ИЈсђ░№ИЈсђ░№ИЈсђ░№ИЈсђ░№ИЈсђ░№ИЈсђ░№ИЈ
ріарІхрѕФрѕ╗: ріарІ▓рѕх ріарЅарЅБ ,рїдрѕГ рѕђрІГрѕјрЅй рІхрѕфрѕЮ рЅ│рІѕрѕГ 2рЅ░ріЏ рЇјрЅЁ
рЅбрѕ« рЅЂрїЦрѕГ 205
сђ░№ИЈсђ░№ИЈсђ░№ИЈсђ░№ИЈсђ░№ИЈ",2024-03-15 08:23:37+00:00,photos\@Fashiontera_3759.jpg
Fashion tera,@Fashiontera,3758,"сђ░№ИЈсђ░№ИЈсђ░№ИЈсђ░№ИЈсђ░№ИЈсђ░№ИЈсђ░№ИЈ
Old school Adidas 
Made in Vietnam 
­ЪћИ­ЪћИ­ЪћИ­ЪћИ­ЪћИ­ЪћИ
Size 40,42,43
Price  2900
(Free Delivery)
Inbox @Hiwe5266
рѕхрѕЇріГ +251945355266

    ­ЪћХ рЇІрѕйріЋ рЅ░рѕФ /Fashion Tera ­ЪћХ
          сђ░№ИЈсђ░№ИЈсђ░№ИЈсђ░№ИЈсђ░№ИЈсђ░№ИЈсђ░№ИЈсђ░№ИЈ
ріарІхрѕФрѕ╗: ріарІ▓рѕх ріарЅарЅБ ,рїдрѕГ рѕђрІГрѕјрЅй рІхрѕфрѕЮ рЅ│рІѕрѕГ 2рЅ░ріЏ рЇјрЅЁ
рЅбрѕ« рЅЂрїЦрѕГ 205
сђ░№ИЈсђ░№ИЈсђ░№ИЈсђ░№ИЈсђ░№ИЈ",2024-03-15 08:20:19+00:00,photos\@Fashiontera_3758.jpg
Fashion tera,@Fashiontera,3757,,2024-03-15 08:20:19+00:00,photos\@Fashiontera_3757.jpg
Fashion tera,@Fashiontera,3756,,2024-03-09 18:27:55+00:00,photos\@Fashiontera_3756.jpg
Fashion tera,@Fashiontera,3755,"сђ░№ИЈсђ░№ИЈсђ░№ИЈсђ░№ИЈсђ░№ИЈ 
FENDI ­ЪњЃ
­ЪћИ­ЪћИ­ЪћИ­ЪћИ­ЪћИ­ЪћИ
Price  2000( No gift box)
(Free Delivery)
Inbox @Hiwe5266
рѕхрѕЇріГ +251945355266

    ­ЪћХ рЇІрѕйріЋ рЅ░рѕФ /Fashion Tera ­ЪћХ
          сђ░№ИЈсђ░№ИЈсђ░№ИЈсђ░№ИЈсђ░№ИЈсђ░№ИЈсђ░№ИЈсђ░№ИЈ
ріарІхрѕФрѕ╗: ріарІ▓рѕх ріарЅарЅБ ,рїдрѕГ рѕђрІГрѕјрЅй рІхрѕфрѕЮ рЅ│рІѕрѕГ 2рЅ░ріЏ рЇјрЅЁ
рЅбрѕ« рЅЂрїЦрѕГ 205
сђ░№ИЈсђ░№ИЈсђ░№ИЈсђ░№ИЈсђ░№ИЈ",2024-03-05 14:19:58+00:00,photos\@Fashiontera_3755.jpg
Fashion tera,@Fashiontera,3754,,2024-02-27 17:46:18+00:00,
Fashion tera,@Fashiontera,3753,"сђ░№ИЈсђ░№ИЈсђ░№ИЈсђ░№ИЈсђ░№ИЈсђ░№ИЈсђ░№ИЈ
Adidas 
Made in Vietnam 
­ЪћИ­ЪћИ­ЪћИ­ЪћИ­ЪћИ­ЪћИ
Size    41,42,43
Price  3200
(Free Delivery)
Inbox @Hiwe5266
рѕхрѕЇріГ +251945355266

    ­ЪћХ рЇІрѕйріЋ рЅ░рѕФ /Fashion Tera ­ЪћХ
          сђ░№ИЈсђ░№ИЈсђ░№ИЈсђ░№ИЈсђ░№ИЈсђ░№ИЈсђ░№ИЈсђ░№ИЈ
ріарІхрѕФрѕ╗: ріарІ▓рѕх ріарЅарЅБ ,рїдрѕГ рѕђрІГрѕјрЅй рІхрѕфрѕЮ рЅ│рІѕрѕГ 2рЅ░ріЏ рЇјрЅЁ
рЅбрѕ« рЅЂрїЦрѕГ 205
сђ░№ИЈсђ░№ИЈсђ░№ИЈсђ░№ИЈсђ░№ИЈ",2024-02-26 19:16:40+00:00,photos\@Fashiontera_3753.jpg
Fashion tera,@Fashiontera,3752,,2024-02-26 19:16:40+00:00,photos\@Fashiontera_3752.jpg
Fashion tera,@Fashiontera,3751,,2024-02-22 19:22:16+00:00,
Fashion tera,@Fashiontera,3750,"сђ░№ИЈсђ░№ИЈсђ░№ИЈсђ░№ИЈсђ░№ИЈ 
Rolex Men Watch 
­ЪћИ­ЪћИ­ЪћИ­ЪћИ­ЪћИ­ЪћИ
Price  2200 ( No gift box)
(Free Delivery)
Inbox @Hiwe5266
рѕхрѕЇріГ +251945355266

    ­ЪћХ рЇІрѕйріЋ рЅ░рѕФ /Fashion Tera ­ЪћХ
          сђ░№ИЈсђ░№ИЈсђ░№ИЈсђ░№ИЈсђ░№ИЈсђ░№ИЈсђ░№ИЈсђ░№ИЈ
ріарІхрѕФрѕ╗: ріарІ▓рѕх ріарЅарЅБ ,рїдрѕГ рѕђрІГрѕјрЅй рІхрѕфрѕЮ рЅ│рІѕрѕГ 2рЅ░ріЏ рЇјрЅЁ
рЅбрѕ« рЅЂрїЦрѕГ 205
сђ░№ИЈсђ░№ИЈсђ░№ИЈсђ░№ИЈсђ░№ИЈ",2024-02-21 15:07:35+00:00,photos\@Fashiontera_3750.jpg
Fashion tera,@Fashiontera,3749,,2024-02-21 15:07:35+00:00,photos\@Fashiontera_3749.jpg
Fashion tera,@Fashiontera,3748,"сђ░№ИЈсђ░№ИЈсђ░№ИЈсђ░№ИЈсђ░№ИЈсђ░№ИЈсђ░№ИЈ
Air-force 
Made in Vietnam 
­ЪћИ­ЪћИ­ЪћИ­ЪћИ­ЪћИ­ЪћИ
Size    36,37,38,39
Price  2000
(Free Delivery)
Inbox @Hiwe5266
рѕхрѕЇріГ +251945355266

    ­ЪћХ рЇІрѕйріЋ рЅ░рѕФ /Fashion Tera ­ЪћХ
          сђ░№ИЈсђ░№ИЈсђ░№ИЈсђ░№ИЈсђ░№ИЈсђ░№ИЈсђ░№ИЈсђ░№ИЈ
ріарІхрѕФрѕ╗: ріарІ▓рѕх ріарЅарЅБ ,рїдрѕГ рѕђрІГрѕјрЅй рІхрѕфрѕЮ рЅ│рІѕрѕГ 2рЅ░ріЏ рЇјрЅЁ
рЅбрѕ« рЅЂрїЦрѕГ 205
сђ░№ИЈсђ░№ИЈсђ░№ИЈсђ░№ИЈсђ░№ИЈ",2024-02-16 19:36:24+00:00,photos\@Fashiontera_3748.jpg
Fashion tera,@Fashiontera,3747,"сђ░№ИЈсђ░№ИЈсђ░№ИЈсђ░№ИЈсђ░№ИЈсђ░№ИЈсђ░№ИЈ
Air-force 
Made in Vietnam 
­ЪћИ­ЪћИ­ЪћИ­ЪћИ­ЪћИ­ЪћИ
Size    40,41,42,43,45
Price  2100
(Free Delivery)
Inbox @Hiwe5266
рѕхрѕЇріГ +251945355266

    ­ЪћХ рЇІрѕйріЋ рЅ░рѕФ /Fashion Tera ­ЪћХ
          сђ░№ИЈсђ░№ИЈсђ░№ИЈсђ░№ИЈсђ░№ИЈсђ░№ИЈсђ░№ИЈсђ░№ИЈ
ріарІхрѕФрѕ╗: ріарІ▓рѕх ріарЅарЅБ ,рїдрѕГ рѕђрІГрѕјрЅй рІхрѕфрѕЮ рЅ│рІѕрѕГ 2рЅ░ріЏ рЇјрЅЁ
рЅбрѕ« рЅЂрїЦрѕГ 205
сђ░№ИЈсђ░№ИЈсђ░№ИЈсђ░№ИЈсђ░№ИЈ",2024-02-16 19:34:36+00:00,photos\@Fashiontera_3747.jpg
Fashion tera,@Fashiontera,3746,,2024-02-16 15:38:17+00:00,photos\@Fashiontera_3746.jpg
Fashion tera,@Fashiontera,3745,,2024-02-16 15:38:17+00:00,photos\@Fashiontera_3745.jpg
Fashion tera,@Fashiontera,3744,,2024-02-16 15:38:17+00:00,photos\@Fashiontera_3744.jpg
Fashion tera,@Fashiontera,3743,,2024-02-16 15:38:17+00:00,photos\@Fashiontera_3743.jpg
Fashion tera,@Fashiontera,3740,,2024-02-12 19:41:18+00:00,
Fashion tera,@Fashiontera,3739,,2024-02-08 14:19:54+00:00,photos\@Fashiontera_3739.jpg
Fashion tera,@Fashiontera,3738,,2024-02-08 14:19:54+00:00,photos\@Fashiontera_3738.jpg
Fashion tera,@Fashiontera,3737,"сђ░№ИЈсђ░№ИЈсђ░№ИЈсђ░№ИЈсђ░№ИЈсђ░№ИЈсђ░№ИЈ
Adidas 
­ЪћИ­ЪћИ­ЪћИ­ЪћИ­ЪћИ­ЪћИ
Size   Xl 
Price  3950
(No Delivery)
Inbox @Hiwe5266
рѕхрѕЇріГ +251945355266

    ­ЪћХ рЇІрѕйріЋ рЅ░рѕФ /Fashion Tera ­ЪћХ
          сђ░№ИЈсђ░№ИЈсђ░№ИЈсђ░№ИЈсђ░№ИЈсђ░№ИЈсђ░№ИЈсђ░№ИЈ
ріарІхрѕФрѕ╗: ріарІ▓рѕх ріарЅарЅБ ,рїдрѕГ рѕђрІГрѕјрЅй рІхрѕфрѕЮ рЅ│рІѕрѕГ 2рЅ░ріЏ рЇјрЅЁ
рЅбрѕ« рЅЂрїЦрѕГ 205
сђ░№ИЈсђ░№ИЈсђ░№ИЈсђ░№ИЈсђ░№ИЈ",2024-02-08 14:19:54+00:00,photos\@Fashiontera_3737.jpg
Fashion tera,@Fashiontera,3733,"сђ░№ИЈсђ░№ИЈсђ░№ИЈсђ░№ИЈсђ░№ИЈсђ░№ИЈсђ░№ИЈ
Adidas 
­ЪћИ­ЪћИ­ЪћИ­ЪћИ­ЪћИ­ЪћИ
Size   3xl
Price  3950
(No Delivery)
Inbox @Hiwe5266
рѕхрѕЇріГ +251945355266

    ­ЪћХ рЇІрѕйріЋ рЅ░рѕФ /Fashion Tera ­ЪћХ
          сђ░№ИЈсђ░№ИЈсђ░№ИЈсђ░№ИЈсђ░№ИЈсђ░№ИЈсђ░№ИЈсђ░№ИЈ
ріарІхрѕФрѕ╗: ріарІ▓рѕх ріарЅарЅБ ,рїдрѕГ рѕђрІГрѕјрЅй рІхрѕфрѕЮ рЅ│рІѕрѕГ 2рЅ░ріЏ рЇјрЅЁ
рЅбрѕ« рЅЂрїЦрѕГ 205
сђ░№ИЈсђ░№ИЈсђ░№ИЈсђ░№ИЈсђ░№ИЈ",2024-02-08 14:17:54+00:00,photos\@Fashiontera_3733.jpg
Fashion tera,@Fashiontera,3732,,2024-02-08 14:17:54+00:00,photos\@Fashiontera_3732.jpg
Fashion tera,@Fashiontera,3731,,2024-02-07 18:31:43+00:00,photos\@Fashiontera_3731.jpg
Fashion tera,@Fashiontera,3730,"сђ░№ИЈсђ░№ИЈсђ░№ИЈсђ░№ИЈсђ░№ИЈсђ░№ИЈсђ░№ИЈ
Nike SB
Made in Vietnam 
­ЪћИ­ЪћИ­ЪћИ­ЪћИ­ЪћИ­ЪћИ
Size    42,43
Price  2950
(Free Delivery)
Inbox @Hiwe5266
рѕхрѕЇріГ +251945355266

    ­ЪћХ рЇІрѕйріЋ рЅ░рѕФ /Fashion Tera ­ЪћХ
          сђ░№ИЈсђ░№ИЈсђ░№ИЈсђ░№ИЈсђ░№ИЈсђ░№ИЈсђ░№ИЈсђ░№ИЈ
ріарІхрѕФрѕ╗: ріарІ▓рѕх ріарЅарЅБ ,рїдрѕГ рѕђрІГрѕјрЅй рІхрѕфрѕЮ рЅ│рІѕрѕГ 2рЅ░ріЏ рЇјрЅЁ
рЅбрѕ« рЅЂрїЦрѕГ 205
сђ░№ИЈсђ░№ИЈсђ░№ИЈсђ░№ИЈсђ░№ИЈ",2024-02-01 12:35:18+00:00,photos\@Fashiontera_3730.jpg
Fashion tera,@Fashiontera,3729,,2024-02-01 12:35:18+00:00,photos\@Fashiontera_3729.jpg
Fashion tera,@Fashiontera,3728,"сђ░№ИЈсђ░№ИЈсђ░№ИЈсђ░№ИЈсђ░№ИЈсђ░№ИЈсђ░№ИЈ
Air force Supreme 
Made in Vietnam 
­ЪћИ­ЪћИ­ЪћИ­ЪћИ­ЪћИ­ЪћИ
Size    43,44
Price   4500
(Free Delivery)
Inbox @Hiwe5266
рѕхрѕЇріГ +251945355266

    ­ЪћХ рЇІрѕйріЋ рЅ░рѕФ /Fashion Tera ­ЪћХ
          сђ░№ИЈсђ░№ИЈсђ░№ИЈсђ░№ИЈсђ░№ИЈсђ░№ИЈсђ░№ИЈсђ░№ИЈ
ріарІхрѕФрѕ╗: ріарІ▓рѕх ріарЅарЅБ ,рїдрѕГ рѕђрІГрѕјрЅй рІхрѕфрѕЮ рЅ│рІѕрѕГ 2рЅ░ріЏ рЇјрЅЁ
рЅбрѕ« рЅЂрїЦрѕГ 205
сђ░№ИЈсђ░№ИЈсђ░№ИЈсђ░№ИЈсђ░№ИЈ",2024-01-29 05:04:27+00:00,photos\@Fashiontera_3728.jpg
Fashion tera,@Fashiontera,3727,,2024-01-29 05:04:27+00:00,photos\@Fashiontera_3727.jpg
Fashion tera,@Fashiontera,3726,,2024-01-29 05:04:27+00:00,photos\@Fashiontera_3726.jpg
Fashion tera,@Fashiontera,3725,"сђ░№ИЈсђ░№ИЈсђ░№ИЈсђ░№ИЈсђ░№ИЈсђ░№ИЈсђ░№ИЈ
Old school Adidas 
Made in Vietnam 
­ЪћИ­ЪћИ­ЪћИ­ЪћИ­ЪћИ­ЪћИ
Size 40,42,43
Price  2900
(Free Delivery)
Inbox @Hiwe5266
рѕхрѕЇріГ +251945355266

    ­ЪћХ рЇІрѕйріЋ рЅ░рѕФ /Fashion Tera ­ЪћХ
          сђ░№ИЈсђ░№ИЈсђ░№ИЈсђ░№ИЈсђ░№ИЈсђ░№ИЈсђ░№ИЈсђ░№ИЈ
ріарІхрѕФрѕ╗: ріарІ▓рѕх ріарЅарЅБ ,рїдрѕГ рѕђрІГрѕјрЅй рІхрѕфрѕЮ рЅ│рІѕрѕГ 2рЅ░ріЏ рЇјрЅЁ
рЅбрѕ« рЅЂрїЦрѕГ 205
сђ░№ИЈсђ░№ИЈсђ░№ИЈсђ░№ИЈсђ░№ИЈ",2024-01-26 10:26:41+00:00,photos\@Fashiontera_3725.jpg
Fashion tera,@Fashiontera,3724,,2024-01-26 10:26:41+00:00,photos\@Fashiontera_3724.jpg
Fashion tera,@Fashiontera,3723,"сђ░№ИЈсђ░№ИЈсђ░№ИЈсђ░№ИЈсђ░№ИЈсђ░№ИЈсђ░№ИЈ
Air force XXV
Made in Vietnam 
­ЪћИ­ЪћИ­ЪћИ­ЪћИ­ЪћИ­ЪћИ
Size    41,42,43
Price   4800
(Free Delivery)
Inbox @Hiwe5266
рѕхрѕЇріГ +251945355266

    ­ЪћХ рЇІрѕйріЋ рЅ░рѕФ /Fashion Tera ­ЪћХ
          сђ░№ИЈсђ░№ИЈсђ░№ИЈсђ░№ИЈсђ░№ИЈсђ░№ИЈсђ░№ИЈсђ░№ИЈ
ріарІхрѕФрѕ╗: ріарІ▓рѕх ріарЅарЅБ ,рїдрѕГ рѕђрІГрѕјрЅй рІхрѕфрѕЮ рЅ│рІѕрѕГ 2рЅ░ріЏ рЇјрЅЁ
рЅбрѕ« рЅЂрїЦрѕГ 205
сђ░№ИЈсђ░№ИЈсђ░№ИЈсђ░№ИЈсђ░№ИЈ",2024-01-26 10:19:39+00:00,photos\@Fashiontera_3723.jpg
Fashion tera,@Fashiontera,3721,,2024-01-17 17:40:53+00:00,
Fashion tera,@Fashiontera,3720,,2024-01-13 09:52:09+00:00,photos\@Fashiontera_3720.jpg
Fashion tera,@Fashiontera,3719,"сђ░№ИЈсђ░№ИЈсђ░№ИЈсђ░№ИЈсђ░№ИЈсђ░№ИЈсђ░№ИЈ
­ЪЏЉDiscount ­ЪЏЉ

CHEKICH
Size 42,43
Prices 3500
Made in Turkey
(Free Delivery)
Inbox @Hiwe5266
рѕхрѕЇріГ +251945355266

    РЎд№ИЈ рЇІрѕйріЋ рЅ░рѕФ /Fashion TeraРЎд№ИЈ
          сђ░№ИЈсђ░№ИЈсђ░№ИЈсђ░№ИЈсђ░№ИЈсђ░№ИЈсђ░№ИЈсђ░№ИЈ
ріарІхрѕФрѕ╗: ріарІ▓рѕх ріарЅарЅБ ,рїдрѕГ рѕђрІГрѕјрЅй рІхрѕфрѕЮ рЅ│рІѕрѕГ 2рЅ░ріЏ рЇјрЅЁ
рЅбрѕ« рЅЂрїЦрѕГ 205
сђ░№ИЈсђ░№ИЈсђ░№ИЈсђ░№ИЈсђ░№ИЈ",2024-01-13 09:52:08+00:00,photos\@Fashiontera_3719.jpg
Fashion tera,@Fashiontera,3717,"­Ъјё­Ъјё­Ъјё­Ъјё­Ъјё­Ъјё­Ъјё­Ъјё­Ъјё­Ъјё­Ъјё
SPEED COUPLE WATCH 
Prices 3800
(Free Delivery)
Inbox @Hiwe5266
рѕхрѕЇріГ +251945355266

    РЎд№ИЈ рЇІрѕйріЋ рЅ░рѕФ /Fashion TeraРЎд№ИЈ
          сђ░сђ░сђ░сђ░сђ░сђ░сђ░сђ░
ріарІхрѕФрѕ╗: ріарІ▓рѕх ріарЅарЅБ ,рїдрѕГ рѕђрІГрѕјрЅй рІхрѕфрѕЮ рЅ│рІѕрѕГ 2рЅ░ріЏ рЇјрЅЁ
рЅбрѕ« рЅЂрїЦрѕГ 205
сђ░сђ░сђ░сђ░
­Ъјё­Ъјё­Ъјё­Ъјё­Ъјё­Ъјё­Ъјё­Ъјё­Ъјё­Ъјё­Ъјё­Ъјё",2024-01-05 13:28:03+00:00,photos\@Fashiontera_3717.jpg
Fashion tera,@Fashiontera,3716,,2024-01-05 13:28:02+00:00,photos\@Fashiontera_3716.jpg
Fashion tera,@Fashiontera,3715,,2024-01-05 13:28:02+00:00,photos\@Fashiontera_3715.jpg
Fashion tera,@Fashiontera,3714,"­Ъјё­Ъјё­Ъјё­Ъјё­Ъјё­Ъјё­Ъјё­Ъјё­Ъјё­Ъјё­Ъјё
BRAND Watches
Prices 2200
(Free Delivery)
Inbox @Hiwe5266
рѕхрѕЇріГ +251945355266

    РЎд№ИЈ рЇІрѕйріЋ рЅ░рѕФ /Fashion TeraРЎд№ИЈ
          сђ░сђ░сђ░сђ░сђ░сђ░сђ░сђ░
ріарІхрѕФрѕ╗: ріарІ▓рѕх ріарЅарЅБ ,рїдрѕГ рѕђрІГрѕјрЅй рІхрѕфрѕЮ рЅ│рІѕрѕГ 2рЅ░ріЏ рЇјрЅЁ
рЅбрѕ« рЅЂрїЦрѕГ 205
сђ░сђ░сђ░сђ░сђ░
­Ъјё­Ъјё­Ъјё­Ъјё­Ъјё­Ъјё­Ъјё­Ъјё­Ъјё­Ъјё­Ъјё",2024-01-05 13:21:14+00:00,photos\@Fashiontera_3714.jpg
Fashion tera,@Fashiontera,3713,,2024-01-05 13:21:14+00:00,photos\@Fashiontera_3713.jpg
Fashion tera,@Fashiontera,3712,,2024-01-05 13:21:14+00:00,photos\@Fashiontera_3712.jpg
Fashion tera,@Fashiontera,3711,,2024-01-05 13:21:14+00:00,photos\@Fashiontera_3711.jpg
Fashion tera,@Fashiontera,3707,"­Ъјё­Ъјё­Ъјё­Ъјё­Ъјё­Ъјё­Ъјё­Ъјё­Ъјё­Ъјё­Ъјё­Ъјё
­ЪјЁChristmas Discount ­ЪјЁ
Air Force 
Made in  Vietnam 
Size 43,44,45
Price 1800
(Free Delivery)
Inbox @Hiwe5266
рѕхрѕЇріГ +251945355266

    РЎд№ИЈ рЇІрѕйріЋ рЅ░рѕФ /Fashion TeraРЎд№ИЈ
          сђ░сђ░сђ░сђ░сђ░сђ░сђ░сђ░
ріарІхрѕФрѕ╗: ріарІ▓рѕх ріарЅарЅБ ,рїдрѕГ рѕђрІГрѕјрЅй рІхрѕфрѕЮ рЅ│рІѕрѕГ 2рЅ░ріЏ рЇјрЅЁ
рЅбрѕ« рЅЂрїЦрѕГ 205
сђ░сђ░сђ░сђ░сђ░
­Ъјё­Ъјё­Ъјё­Ъјё­Ъјё­Ъјё­Ъјё­Ъјё­Ъјё­Ъјё­Ъјё­Ъјё",2024-01-04 09:04:25+00:00,photos\@Fashiontera_3707.jpg
Fashion tera,@Fashiontera,3706,"сђ░№ИЈсђ░№ИЈсђ░№ИЈсђ░№ИЈсђ░№ИЈсђ░№ИЈсђ░№ИЈ
 Air Jordan 1┬а Low Travis scott
Made in Vietnam 
Size  #40,42,43
Price 2600
(Free Delivery)
Inbox @Hiwe5266
рѕхрѕЇріГ +251945355266

    РЎд№ИЈ рЇІрѕйріЋ рЅ░рѕФ /Fashion TeraРЎд№ИЈ
          сђ░№ИЈсђ░№ИЈсђ░№ИЈсђ░№ИЈсђ░№ИЈсђ░№ИЈсђ░№ИЈсђ░№ИЈ
ріарІхрѕФрѕ╗: ріарІ▓рѕх ріарЅарЅБ ,рїдрѕГ рѕђрІГрѕјрЅй рІхрѕфрѕЮ рЅ│рІѕрѕГ 2рЅ░ріЏ рЇјрЅЁ
рЅбрѕ« рЅЂрїЦрѕГ 205
сђ░№ИЈсђ░№ИЈсђ░№ИЈсђ░№ИЈсђ░№ИЈ",2024-01-03 13:57:49+00:00,photos\@Fashiontera_3706.jpg
Fashion tera,@Fashiontera,3705,,2024-01-03 13:57:49+00:00,photos\@Fashiontera_3705.jpg
Fashion tera,@Fashiontera,3704,,2024-01-03 13:56:44+00:00,photos\@Fashiontera_3704.jpg
Fashion tera,@Fashiontera,3703,,2024-01-03 13:56:44+00:00,photos\@Fashiontera_3703.jpg
Fashion tera,@Fashiontera,3702,,2024-01-02 20:03:55+00:00,photos\@Fashiontera_3702.jpg
Fashion tera,@Fashiontera,3677,"­Ъјё­Ъјё­Ъјё­Ъјё­Ъјё­Ъјё­Ъјё­Ъјё­Ъјё­Ъјё­Ъјё
BRAND Watches
(Free Delivery)
Inbox @Hiwe5266
рѕхрѕЇріГ +251945355266

    РЎд№ИЈ рЇІрѕйріЋ рЅ░рѕФ /Fashion TeraРЎд№ИЈ
          сђ░сђ░сђ░сђ░сђ░сђ░сђ░сђ░
ріарІхрѕФрѕ╗: ріарІ▓рѕх ріарЅарЅБ ,рїдрѕГ рѕђрІГрѕјрЅй рІхрѕфрѕЮ рЅ│рІѕрѕГ 2рЅ░ріЏ рЇјрЅЁ
рЅбрѕ« рЅЂрїЦрѕГ 205
сђ░сђ░сђ░сђ░сђ░
­Ъјё­Ъјё­Ъјё­Ъјё­Ъјё­Ъјё­Ъјё­Ъјё­Ъјё­Ъјё­Ъјё",2023-12-27 18:44:40+00:00,photos\@Fashiontera_3677.jpg
Fashion tera,@Fashiontera,3676,,2023-12-27 18:44:39+00:00,photos\@Fashiontera_3676.jpg
Fashion tera,@Fashiontera,3675,,2023-12-27 18:44:39+00:00,photos\@Fashiontera_3675.jpg
Fashion tera,@Fashiontera,3674,,2023-12-27 18:44:39+00:00,photos\@Fashiontera_3674.jpg
Fashion tera,@Fashiontera,3673,,2023-12-27 18:44:39+00:00,photos\@Fashiontera_3673.jpg
Fashion tera,@Fashiontera,3672,,2023-12-27 18:44:38+00:00,photos\@Fashiontera_3672.jpg
Fashion tera,@Fashiontera,3671,,2023-12-27 18:44:38+00:00,photos\@Fashiontera_3671.jpg
Fashion tera,@Fashiontera,3670,,2023-12-27 18:44:37+00:00,photos\@Fashiontera_3670.jpg
Fashion tera,@Fashiontera,3669,,2023-12-27 18:44:37+00:00,photos\@Fashiontera_3669.jpg
Fashion tera,@Fashiontera,3668,,2023-12-27 18:44:37+00:00,photos\@Fashiontera_3668.jpg
Fashion tera,@Fashiontera,3667,,2023-12-27 18:44:36+00:00,photos\@Fashiontera_3667.jpg
Fashion tera,@Fashiontera,3666,,2023-12-27 18:44:36+00:00,photos\@Fashiontera_3666.jpg
Fashion tera,@Fashiontera,3665,,2023-12-21 19:23:52+00:00,photos\@Fashiontera_3665.jpg
Fashion tera,@Fashiontera,3664,"сђ░№ИЈсђ░№ИЈсђ░№ИЈсђ░№ИЈсђ░№ИЈсђ░№ИЈсђ░№ИЈ
 Air Jordan 4 LV
Made in Vietnam 
Price 3200,,,3500
(Free Delivery)
Inbox @Hiwe5266
рѕхрѕЇріГ +251945355266

    РЎд№ИЈ рЇІрѕйріЋ рЅ░рѕФ /Fashion TeraРЎд№ИЈ
          сђ░№ИЈсђ░№ИЈсђ░№ИЈсђ░№ИЈсђ░№ИЈсђ░№ИЈсђ░№ИЈсђ░№ИЈ
ріарІхрѕФрѕ╗: ріарІ▓рѕх ріарЅарЅБ ,рїдрѕГ рѕђрІГрѕјрЅй рІхрѕфрѕЮ рЅ│рІѕрѕГ 2рЅ░ріЏ рЇјрЅЁ
рЅбрѕ« рЅЂрїЦрѕГ 205
сђ░№ИЈсђ░№ИЈсђ░№ИЈсђ░№ИЈсђ░№ИЈ",2023-12-17 19:00:51+00:00,photos\@Fashiontera_3664.jpg
Fashion tera,@Fashiontera,3663,,2023-12-17 19:00:51+00:00,photos\@Fashiontera_3663.jpg
Fashion tera,@Fashiontera,3662,,2023-12-17 19:00:51+00:00,photos\@Fashiontera_3662.jpg
Fashion tera,@Fashiontera,3661,,2023-12-17 19:00:50+00:00,photos\@Fashiontera_3661.jpg
Fashion tera,@Fashiontera,3660,,2023-12-14 14:39:41+00:00,photos\@Fashiontera_3660.jpg
Fashion tera,@Fashiontera,3659,"Air Jordan 
Made in  Vietnam 
Size 40,42,43,44
Price 2300
(Free Delivery)
Inbox @Hiwe5266
рѕхрѕЇріГ +251945355266

    РЎд№ИЈ рЇІрѕйріЋ рЅ░рѕФ /Fashion TeraРЎд№ИЈ
          сђ░сђ░сђ░сђ░сђ░сђ░сђ░сђ░
ріарІхрѕФрѕ╗: ріарІ▓рѕх ріарЅарЅБ ,рїдрѕГ рѕђрІГрѕјрЅй рІхрѕфрѕЮ рЅ│рІѕрѕГ 2рЅ░ріЏ рЇјрЅЁ
рЅбрѕ« рЅЂрїЦрѕГ 205
сђ░сђ░сђ░сђ░сђ░",2023-12-14 12:29:14+00:00,photos\@Fashiontera_3659.jpg
Fashion tera,@Fashiontera,3658,"Air Jordan 
Made in  Vietnam 
Size 40,42,43,44
Price 2300
(Free Delivery)
Inbox @Hiwe5266
рѕхрѕЇріГ +251945355266

    РЎд№ИЈ рЇІрѕйріЋ рЅ░рѕФ /Fashion TeraРЎд№ИЈ
          сђ░сђ░сђ░сђ░сђ░сђ░сђ░сђ░
ріарІхрѕФрѕ╗: ріарІ▓рѕх ріарЅарЅБ ,рїдрѕГ рѕђрІГрѕјрЅй рІхрѕфрѕЮ рЅ│рІѕрѕГ 2рЅ░ріЏ рЇјрЅЁ
рЅбрѕ« рЅЂрїЦрѕГ 205
сђ░сђ░сђ░сђ░сђ░",2023-12-14 12:29:14+00:00,photos\@Fashiontera_3658.jpg
Fashion tera,@Fashiontera,3657,,2023-12-14 12:29:13+00:00,photos\@Fashiontera_3657.jpg
Fashion tera,@Fashiontera,3656,,2023-12-14 12:29:13+00:00,photos\@Fashiontera_3656.jpg
Fashion tera,@Fashiontera,3655,"сђ░№ИЈсђ░№ИЈсђ░№ИЈсђ░№ИЈсђ░№ИЈсђ░№ИЈсђ░№ИЈ
NB
Size 39,41,42
Prices 2700
(Free Delivery)
Inbox @Hiwe5266
рѕхрѕЇріГ +251945355266

    РЎд№ИЈ рЇІрѕйріЋ рЅ░рѕФ /Fashion TeraРЎд№ИЈ
          сђ░№ИЈсђ░№ИЈсђ░№ИЈсђ░№ИЈсђ░№ИЈсђ░№ИЈсђ░№ИЈсђ░№ИЈ
ріарІхрѕФрѕ╗: ріарІ▓рѕх ріарЅарЅБ ,рїдрѕГ рѕђрІГрѕјрЅй рІхрѕфрѕЮ рЅ│рІѕрѕГ 2рЅ░ріЏ рЇјрЅЁ
рЅбрѕ« рЅЂрїЦрѕГ 205
сђ░№ИЈсђ░№ИЈсђ░№ИЈсђ░№ИЈсђ░№ИЈ",2023-12-12 14:07:28+00:00,photos\@Fashiontera_3655.jpg
Fashion tera,@Fashiontera,3654,,2023-12-12 14:07:28+00:00,photos\@Fashiontera_3654.jpg
Fashion tera,@Fashiontera,3653,"SPEED COUPLE WATCH 
Prices 3800
(Free Delivery)
Inbox @Hiwe5266
рѕхрѕЇріГ +251945355266

    РЎд№ИЈ рЇІрѕйріЋ рЅ░рѕФ /Fashion TeraРЎд№ИЈ
          сђ░сђ░сђ░сђ░сђ░сђ░сђ░сђ░
ріарІхрѕФрѕ╗: ріарІ▓рѕх ріарЅарЅБ ,рїдрѕГ рѕђрІГрѕјрЅй рІхрѕфрѕЮ рЅ│рІѕрѕГ 2рЅ░ріЏ рЇјрЅЁ
рЅбрѕ« рЅЂрїЦрѕГ 205
сђ░сђ░сђ░сђ░сђ░",2023-12-12 14:06:33+00:00,photos\@Fashiontera_3653.jpg
Fashion tera,@Fashiontera,3652,,2023-12-12 14:06:33+00:00,photos\@Fashiontera_3652.jpg
Fashion tera,@Fashiontera,3651,,2023-12-12 14:06:33+00:00,photos\@Fashiontera_3651.jpg
Fashion tera,@Fashiontera,3647,"сђ░№ИЈсђ░№ИЈсђ░№ИЈсђ░№ИЈсђ░№ИЈсђ░№ИЈсђ░№ИЈ
BALENCIAGA
Made in Vietnam 
Size    #40
Prices 3200
(Free Delivery)
Inbox @Hiwe5266
рѕхрѕЇріГ +251945355266

    РЎд№ИЈ рЇІрѕйріЋ рЅ░рѕФ /Fashion TeraРЎд№ИЈ
          сђ░№ИЈсђ░№ИЈсђ░№ИЈсђ░№ИЈсђ░№ИЈсђ░№ИЈсђ░№ИЈсђ░№ИЈ
ріарІхрѕФрѕ╗: ріарІ▓рѕх ріарЅарЅБ ,рїдрѕГ рѕђрІГрѕјрЅй рІхрѕфрѕЮ рЅ│рІѕрѕГ 2рЅ░ріЏ рЇјрЅЁ
рЅбрѕ« рЅЂрїЦрѕГ 205
сђ░№ИЈсђ░№ИЈсђ░№ИЈсђ░№ИЈсђ░№ИЈ",2023-12-10 06:17:22+00:00,photos\@Fashiontera_3647.jpg
Fashion tera,@Fashiontera,3646,"сђ░№ИЈсђ░№ИЈсђ░№ИЈсђ░№ИЈсђ░№ИЈсђ░№ИЈсђ░№ИЈ
BALENCIAGA
Made in Vietnam 
Size    36,37,39
Prices 2950
(Free Delivery)
Inbox @Hiwe5266
рѕхрѕЇріГ +251945355266

    РЎд№ИЈ рЇІрѕйріЋ рЅ░рѕФ /Fashion TeraРЎд№ИЈ
          сђ░№ИЈсђ░№ИЈсђ░№ИЈсђ░№ИЈсђ░№ИЈсђ░№ИЈсђ░№ИЈсђ░№ИЈ
ріарІхрѕФрѕ╗: ріарІ▓рѕх ріарЅарЅБ ,рїдрѕГ рѕђрІГрѕјрЅй рІхрѕфрѕЮ рЅ│рІѕрѕГ 2рЅ░ріЏ рЇјрЅЁ
рЅбрѕ« рЅЂрїЦрѕГ 205
сђ░№ИЈсђ░№ИЈсђ░№ИЈсђ░№ИЈсђ░№ИЈ",2023-12-03 13:35:17+00:00,photos\@Fashiontera_3646.jpg
Fashion tera,@Fashiontera,3645,,2023-12-03 13:35:17+00:00,photos\@Fashiontera_3645.jpg
Fashion tera,@Fashiontera,3644,,2023-11-28 13:56:19+00:00,
Fashion tera,@Fashiontera,3643,"сђ░№ИЈсђ░№ИЈсђ░№ИЈсђ░№ИЈсђ░№ИЈсђ░№ИЈсђ░№ИЈ
Nike SB
Made in Vietnam 
Size  40,41,42
Prices 3200
(Free Delivery)
Inbox @Hiwe5266
рѕхрѕЇріГ +251945355266

    РЎд№ИЈ рЇІрѕйріЋ рЅ░рѕФ /Fashion TeraРЎд№ИЈ
          сђ░№ИЈсђ░№ИЈсђ░№ИЈсђ░№ИЈсђ░№ИЈсђ░№ИЈсђ░№ИЈсђ░№ИЈ
ріарІхрѕФрѕ╗: ріарІ▓рѕх ріарЅарЅБ ,рїдрѕГ рѕђрІГрѕјрЅй рІхрѕфрѕЮ рЅ│рІѕрѕГ 2рЅ░ріЏ рЇјрЅЁ
рЅбрѕ« рЅЂрїЦрѕГ 205
сђ░№ИЈсђ░№ИЈсђ░№ИЈсђ░№ИЈсђ░№ИЈ",2023-11-28 13:53:59+00:00,photos\@Fashiontera_3643.jpg
Fashion tera,@Fashiontera,3642,,2023-11-28 13:53:59+00:00,photos\@Fashiontera_3642.jpg
Fashion tera,@Fashiontera,3641,,2023-11-28 13:53:59+00:00,photos\@Fashiontera_3641.jpg
Fashion tera,@Fashiontera,3640,"сђ░№ИЈсђ░№ИЈсђ░№ИЈсђ░№ИЈсђ░№ИЈсђ░№ИЈсђ░№ИЈ
Skechers 
Made in Vietnam 
Size  42,43
Prices 2800
(Free Delivery)
Inbox @Hiwe5266
рѕхрѕЇріГ +251945355266

    РЎд№ИЈ рЇІрѕйріЋ рЅ░рѕФ /Fashion TeraРЎд№ИЈ
          сђ░№ИЈсђ░№ИЈсђ░№ИЈсђ░№ИЈсђ░№ИЈсђ░№ИЈсђ░№ИЈсђ░№ИЈ
ріарІхрѕФрѕ╗: ріарІ▓рѕх ріарЅарЅБ ,рїдрѕГ рѕђрІГрѕјрЅй рІхрѕфрѕЮ рЅ│рІѕрѕГ 2рЅ░ріЏ рЇјрЅЁ
рЅбрѕ« рЅЂрїЦрѕГ 205
сђ░№ИЈсђ░№ИЈсђ░№ИЈсђ░№ИЈсђ░№ИЈ",2023-11-18 17:57:22+00:00,photos\@Fashiontera_3640.jpg
Fashion tera,@Fashiontera,3639,"сђ░№ИЈсђ░№ИЈсђ░№ИЈсђ░№ИЈсђ░№ИЈсђ░№ИЈсђ░№ИЈ
NB
Prices 2700
(Free Delivery)
Inbox @Hiwe5266
рѕхрѕЇріГ +251945355266

    РЎд№ИЈ рЇІрѕйріЋ рЅ░рѕФ /Fashion TeraРЎд№ИЈ
          сђ░№ИЈсђ░№ИЈсђ░№ИЈсђ░№ИЈсђ░№ИЈсђ░№ИЈсђ░№ИЈсђ░№ИЈ
ріарІхрѕФрѕ╗: ріарІ▓рѕх ріарЅарЅБ ,рїдрѕГ рѕђрІГрѕјрЅй рІхрѕфрѕЮ рЅ│рІѕрѕГ 2рЅ░ріЏ рЇјрЅЁ
рЅбрѕ« рЅЂрїЦрѕГ 205
сђ░№ИЈсђ░№ИЈсђ░№ИЈсђ░№ИЈсђ░№ИЈ",2023-11-15 10:21:49+00:00,photos\@Fashiontera_3639.jpg
Fashion tera,@Fashiontera,3638,,2023-11-15 10:21:48+00:00,photos\@Fashiontera_3638.jpg
Fashion tera,@Fashiontera,3637,"Rolex (Men)
Prices 2200 (No gift box)
(Free Delivery)
Inbox @Hiwe5266
рѕхрѕЇріГ +251945355266

    РЎд№ИЈ рЇІрѕйріЋ рЅ░рѕФ /Fashion TeraРЎд№ИЈ
          сђ░сђ░сђ░сђ░сђ░сђ░сђ░сђ░
ріарІхрѕФрѕ╗: ріарІ▓рѕх ріарЅарЅБ ,рїдрѕГ рѕђрІГрѕјрЅй рІхрѕфрѕЮ рЅ│рІѕрѕГ 2рЅ░ріЏ рЇјрЅЁ
рЅбрѕ« рЅЂрїЦрѕГ 205
сђ░сђ░сђ░сђ░сђ░",2023-11-14 14:45:58+00:00,photos\@Fashiontera_3637.jpg
Fashion tera,@Fashiontera,3636,"GUCCI (Men)
Prices 2200 (No gift box)
(Free Delivery)
Inbox @Hiwe5266
рѕхрѕЇріГ +251945355266

    РЎд№ИЈ рЇІрѕйріЋ рЅ░рѕФ /Fashion TeraРЎд№ИЈ
          сђ░сђ░сђ░сђ░сђ░сђ░сђ░сђ░
ріарІхрѕФрѕ╗: ріарІ▓рѕх ріарЅарЅБ ,рїдрѕГ рѕђрІГрѕјрЅй рІхрѕфрѕЮ рЅ│рІѕрѕГ 2рЅ░ріЏ рЇјрЅЁ
рЅбрѕ« рЅЂрїЦрѕГ 205
сђ░сђ░сђ░сђ░сђ░",2023-11-14 14:45:37+00:00,photos\@Fashiontera_3636.jpg
Fashion tera,@Fashiontera,3635,,2023-11-14 14:45:36+00:00,photos\@Fashiontera_3635.jpg
Fashion tera,@Fashiontera,3634,,2023-11-14 14:45:36+00:00,photos\@Fashiontera_3634.jpg
Fashion tera,@Fashiontera,3632,,2023-11-11 19:13:32+00:00,
Fashion tera,@Fashiontera,3630,"сђ░№ИЈсђ░№ИЈсђ░№ИЈсђ░№ИЈсђ░№ИЈсђ░№ИЈсђ░№ИЈ
CHEKICH
Made in Turkey
(Free Delivery)
Inbox @Hiwe5266
рѕхрѕЇріГ +251945355266

    РЎд№ИЈ рЇІрѕйріЋ рЅ░рѕФ /Fashion TeraРЎд№ИЈ
          сђ░№ИЈсђ░№ИЈсђ░№ИЈсђ░№ИЈсђ░№ИЈсђ░№ИЈсђ░№ИЈсђ░№ИЈ
ріарІхрѕФрѕ╗: ріарІ▓рѕх ріарЅарЅБ ,рїдрѕГ рѕђрІГрѕјрЅй рІхрѕфрѕЮ рЅ│рІѕрѕГ 2рЅ░ріЏ рЇјрЅЁ
рЅбрѕ« рЅЂрїЦрѕГ 205
сђ░№ИЈсђ░№ИЈсђ░№ИЈсђ░№ИЈсђ░№ИЈ",2023-11-10 13:03:29+00:00,photos\@Fashiontera_3630.jpg
Fashion tera,@Fashiontera,3629,"сђ░№ИЈсђ░№ИЈсђ░№ИЈсђ░№ИЈсђ░№ИЈсђ░№ИЈсђ░№ИЈ
CHEKICH
Made in Turkey
(Free Delivery)
Inbox @Hiwe5266
рѕхрѕЇріГ +251945355266

    РЎд№ИЈ рЇІрѕйріЋ рЅ░рѕФ /Fashion TeraРЎд№ИЈ
          сђ░№ИЈсђ░№ИЈсђ░№ИЈсђ░№ИЈсђ░№ИЈсђ░№ИЈсђ░№ИЈсђ░№ИЈ
ріарІхрѕФрѕ╗: ріарІ▓рѕх ріарЅарЅБ ,рїдрѕГ рѕђрІГрѕјрЅй рІхрѕфрѕЮ рЅ│рІѕрѕГ 2рЅ░ріЏ рЇјрЅЁ
рЅбрѕ« рЅЂрїЦрѕГ 205
сђ░№ИЈсђ░№ИЈсђ░№ИЈсђ░№ИЈсђ░№ИЈ",2023-11-10 13:03:23+00:00,photos\@Fashiontera_3629.jpg
Fashion tera,@Fashiontera,3628,"сђ░№ИЈсђ░№ИЈсђ░№ИЈсђ░№ИЈсђ░№ИЈсђ░№ИЈсђ░№ИЈ
CHEKICH
Made in Turkey
(Free Delivery)
Inbox @Hiwe5266
рѕхрѕЇріГ +251945355266

    РЎд№ИЈ рЇІрѕйріЋ рЅ░рѕФ /Fashion TeraРЎд№ИЈ
          сђ░№ИЈсђ░№ИЈсђ░№ИЈсђ░№ИЈсђ░№ИЈсђ░№ИЈсђ░№ИЈсђ░№ИЈ
ріарІхрѕФрѕ╗: ріарІ▓рѕх ріарЅарЅБ ,рїдрѕГ рѕђрІГрѕјрЅй рІхрѕфрѕЮ рЅ│рІѕрѕГ 2рЅ░ріЏ рЇјрЅЁ
рЅбрѕ« рЅЂрїЦрѕГ 205
сђ░№ИЈсђ░№ИЈсђ░№ИЈсђ░№ИЈсђ░№ИЈ",2023-11-10 12:19:31+00:00,photos\@Fashiontera_3628.jpg
Fashion tera,@Fashiontera,3627,,2023-11-04 14:47:57+00:00,photos\@Fashiontera_3627.jpg
Fashion tera,@Fashiontera,3626,,2023-11-04 14:47:57+00:00,photos\@Fashiontera_3626.jpg
Fashion tera,@Fashiontera,3625,"Nike 
Made in  Vietnam 
Size 40,42,43,
Price 2800
(Free Delivery)
Inbox @Hiwe5266
рѕхрѕЇріГ +251945355266

    РЎд№ИЈ рЇІрѕйріЋ рЅ░рѕФ /Fashion TeraРЎд№ИЈ
          сђ░сђ░сђ░сђ░сђ░сђ░сђ░сђ░
ріарІхрѕФрѕ╗: ріарІ▓рѕх ріарЅарЅБ ,рїдрѕГ рѕђрІГрѕјрЅй рІхрѕфрѕЮ рЅ│рІѕрѕГ 2рЅ░ріЏ рЇјрЅЁ
рЅбрѕ« рЅЂрїЦрѕГ 205
сђ░сђ░сђ░сђ░сђ░",2023-11-04 14:47:56+00:00,photos\@Fashiontera_3625.jpg
Fashion tera,@Fashiontera,3614,"Air Jordan 
Size 36,38,39
Price 2300
(Free Delivery)
Inbox @Hiwe5266
рѕхрѕЇріГ +251945355266

    РЎд№ИЈ рЇІрѕйріЋ рЅ░рѕФ /Fashion TeraРЎд№ИЈ
          сђ░сђ░сђ░сђ░сђ░сђ░сђ░сђ░
ріарІхрѕФрѕ╗: ріарІ▓рѕх ріарЅарЅБ ,рїдрѕГ рѕђрІГрѕјрЅй рІхрѕфрѕЮ рЅ│рІѕрѕГ 2рЅ░ріЏ рЇјрЅЁ
рЅбрѕ« рЅЂрїЦрѕГ 205
сђ░сђ░сђ░сђ░сђ░",2023-10-31 14:53:50+00:00,photos\@Fashiontera_3614.jpg
Fashion tera,@Fashiontera,3613,,2023-10-31 14:53:50+00:00,photos\@Fashiontera_3613.jpg
Fashion tera,@Fashiontera,3612,,2023-10-31 14:53:50+00:00,photos\@Fashiontera_3612.jpg
Fashion tera,@Fashiontera,3611,"сђ░№ИЈсђ░№ИЈсђ░№ИЈсђ░№ИЈсђ░№ИЈсђ░№ИЈсђ░№ИЈ
 Air Jordan 4 LV
Made in Vietnam 
Price 3500
(Free Delivery)
Inbox @Hiwe5266
рѕхрѕЇріГ +251945355266

    РЎд№ИЈ рЇІрѕйріЋ рЅ░рѕФ /Fashion TeraРЎд№ИЈ
          сђ░№ИЈсђ░№ИЈсђ░№ИЈсђ░№ИЈсђ░№ИЈсђ░№ИЈсђ░№ИЈсђ░№ИЈ
ріарІхрѕФрѕ╗: ріарІ▓рѕх ріарЅарЅБ ,рїдрѕГ рѕђрІГрѕјрЅй рІхрѕфрѕЮ рЅ│рІѕрѕГ 2рЅ░ріЏ рЇјрЅЁ
рЅбрѕ« рЅЂрїЦрѕГ 205
сђ░№ИЈсђ░№ИЈсђ░№ИЈсђ░№ИЈсђ░№ИЈ",2023-10-27 15:13:23+00:00,photos\@Fashiontera_3611.jpg
Fashion tera,@Fashiontera,3610,,2023-10-27 15:13:23+00:00,photos\@Fashiontera_3610.jpg
Fashion tera,@Fashiontera,3609,,2023-10-21 15:01:51+00:00,photos\@Fashiontera_3609.jpg
Fashion tera,@Fashiontera,3608,"Air Jordan 
Made in  Vietnam 
Size 40,41,42,43,44
Price 2300
(Free Delivery)
Inbox @Hiwe5266
рѕхрѕЇріГ +251945355266

    РЎд№ИЈ рЇІрѕйріЋ рЅ░рѕФ /Fashion TeraРЎд№ИЈ
          сђ░сђ░сђ░сђ░сђ░сђ░сђ░сђ░
ріарІхрѕФрѕ╗: ріарІ▓рѕх ріарЅарЅБ ,рїдрѕГ рѕђрІГрѕјрЅй рІхрѕфрѕЮ рЅ│рІѕрѕГ 2рЅ░ріЏ рЇјрЅЁ
рЅбрѕ« рЅЂрїЦрѕГ 205
сђ░сђ░сђ░сђ░сђ░",2023-10-21 15:01:50+00:00,photos\@Fashiontera_3608.jpg
Fashion tera,@Fashiontera,3607,,2023-10-21 15:01:50+00:00,photos\@Fashiontera_3607.jpg
Fashion tera,@Fashiontera,3606,,2023-10-21 15:01:50+00:00,photos\@Fashiontera_3606.jpg
Fashion tera,@Fashiontera,3605,"FITRON Watches (Men)
Price 2400 (No gift box)
(Free Delivery)
Inbox @Hiwe5266
рѕхрѕЇріГ +251945355266

    РЎд№ИЈ рЇІрѕйріЋ рЅ░рѕФ /Fashion TeraРЎд№ИЈ
          сђ░сђ░сђ░сђ░сђ░сђ░сђ░сђ░
ріарІхрѕФрѕ╗: ріарІ▓рѕх ріарЅарЅБ ,рїдрѕГ рѕђрІГрѕјрЅй рІхрѕфрѕЮ рЅ│рІѕрѕГ 2рЅ░ріЏ рЇјрЅЁ
рЅбрѕ« рЅЂрїЦрѕГ 205
сђ░сђ░сђ░сђ░сђ░",2023-10-17 15:09:58+00:00,photos\@Fashiontera_3605.jpg
Fashion tera,@Fashiontera,3604,,2023-10-17 15:09:58+00:00,photos\@Fashiontera_3604.jpg
Fashion tera,@Fashiontera,3603,,2023-10-17 15:09:57+00:00,photos\@Fashiontera_3603.jpg
Fashion tera,@Fashiontera,3600,"сђ░№ИЈсђ░№ИЈсђ░№ИЈсђ░№ИЈсђ░№ИЈсђ░№ИЈсђ░№ИЈ
BALENCIAGA
Made in Vietnam 
Size    36,37,38,39
Prices 2950
(Free Delivery)
Inbox @Hiwe5266
рѕхрѕЇріГ +251945355266

    РЎд№ИЈ рЇІрѕйріЋ рЅ░рѕФ /Fashion TeraРЎд№ИЈ
          сђ░№ИЈсђ░№ИЈсђ░№ИЈсђ░№ИЈсђ░№ИЈсђ░№ИЈсђ░№ИЈсђ░№ИЈ
ріарІхрѕФрѕ╗: ріарІ▓рѕх ріарЅарЅБ ,рїдрѕГ рѕђрІГрѕјрЅй рІхрѕфрѕЮ рЅ│рІѕрѕГ 2рЅ░ріЏ рЇјрЅЁ
рЅбрѕ« рЅЂрїЦрѕГ 205
сђ░№ИЈсђ░№ИЈсђ░№ИЈсђ░№ИЈсђ░№ИЈ",2023-10-17 10:12:44+00:00,photos\@Fashiontera_3600.jpg
Fashion tera,@Fashiontera,3599,,2023-10-17 10:12:44+00:00,photos\@Fashiontera_3599.jpg
Fashion tera,@Fashiontera,3598,,2023-10-17 10:12:43+00:00,photos\@Fashiontera_3598.jpg
Fashion tera,@Fashiontera,3597,"FITRON Watches (Men)
Price 2300 (No gift box)
(Free Delivery)
Inbox @Hiwe5266
рѕхрѕЇріГ +251945355266

    РЎд№ИЈ рЇІрѕйріЋ рЅ░рѕФ /Fashion TeraРЎд№ИЈ
          сђ░сђ░сђ░сђ░сђ░сђ░сђ░сђ░
ріарІхрѕФрѕ╗: ріарІ▓рѕх ріарЅарЅБ ,рїдрѕГ рѕђрІГрѕјрЅй рІхрѕфрѕЮ рЅ│рІѕрѕГ 2рЅ░ріЏ рЇјрЅЁ
рЅбрѕ« рЅЂрїЦрѕГ 205
сђ░сђ░сђ░сђ░сђ░",2023-10-14 15:16:33+00:00,photos\@Fashiontera_3597.jpg
Fashion tera,@Fashiontera,3596,,2023-10-14 15:16:33+00:00,photos\@Fashiontera_3596.jpg
Fashion tera,@Fashiontera,3595,,2023-10-14 15:16:33+00:00,photos\@Fashiontera_3595.jpg
Fashion tera,@Fashiontera,3594,"сђ░№ИЈсђ░№ИЈсђ░№ИЈсђ░№ИЈсђ░№ИЈсђ░№ИЈсђ░№ИЈ
All star 
Made in Vietnam 
Size 43
Price 2500
(Free Delivery)
Inbox @Hiwe5266
рѕхрѕЇріГ +251945355266

    РЎд№ИЈ рЇІрѕйріЋ рЅ░рѕФ /Fashion TeraРЎд№ИЈ
          сђ░№ИЈсђ░№ИЈсђ░№ИЈсђ░№ИЈсђ░№ИЈсђ░№ИЈсђ░№ИЈсђ░№ИЈ
ріарІхрѕФрѕ╗: ріарІ▓рѕх ріарЅарЅБ ,рїдрѕГ рѕђрІГрѕјрЅй рІхрѕфрѕЮ рЅ│рІѕрѕГ 2рЅ░ріЏ рЇјрЅЁ
рЅбрѕ« рЅЂрїЦрѕГ 205
сђ░№ИЈсђ░№ИЈсђ░№ИЈсђ░№ИЈсђ░№ИЈ",2023-10-12 12:57:57+00:00,
Fashion tera,@Fashiontera,3593,"сђ░№ИЈсђ░№ИЈсђ░№ИЈсђ░№ИЈсђ░№ИЈсђ░№ИЈсђ░№ИЈ
CHEKICH
Made in Turkey
Size 42,43
(Free Delivery)
Inbox @Hiwe5266
рѕхрѕЇріГ +251945355266

    РЎд№ИЈ рЇІрѕйріЋ рЅ░рѕФ /Fashion TeraРЎд№ИЈ
          сђ░№ИЈсђ░№ИЈсђ░№ИЈсђ░№ИЈсђ░№ИЈсђ░№ИЈсђ░№ИЈсђ░№ИЈ
ріарІхрѕФрѕ╗: ріарІ▓рѕх ріарЅарЅБ ,рїдрѕГ рѕђрІГрѕјрЅй рІхрѕфрѕЮ рЅ│рІѕрѕГ 2рЅ░ріЏ рЇјрЅЁ
рЅбрѕ« рЅЂрїЦрѕГ 205
сђ░№ИЈсђ░№ИЈсђ░№ИЈсђ░№ИЈсђ░№ИЈ",2023-10-12 09:23:03+00:00,photos\@Fashiontera_3593.jpg
Fashion tera,@Fashiontera,3592,,2023-10-12 09:23:03+00:00,photos\@Fashiontera_3592.jpg
Fashion tera,@Fashiontera,3589,"сђ░№ИЈсђ░№ИЈсђ░№ИЈсђ░№ИЈсђ░№ИЈсђ░№ИЈсђ░№ИЈ
Adidas Yezzy v3
Made in Vietnam 
Size    36,37
Price 2800
(Free Delivery)
Inbox @Hiwe5266
рѕхрѕЇріГ +251945355266

    РЎд№ИЈ рЇІрѕйріЋ рЅ░рѕФ /Fashion TeraРЎд№ИЈ
          сђ░№ИЈсђ░№ИЈсђ░№ИЈсђ░№ИЈсђ░№ИЈсђ░№ИЈсђ░№ИЈсђ░№ИЈ
ріарІхрѕФрѕ╗: ріарІ▓рѕх ріарЅарЅБ ,рїдрѕГ рѕђрІГрѕјрЅй рІхрѕфрѕЮ рЅ│рІѕрѕГ 2рЅ░ріЏ рЇјрЅЁ
рЅбрѕ« рЅЂрїЦрѕГ 205
сђ░№ИЈсђ░№ИЈсђ░№ИЈсђ░№ИЈсђ░№ИЈ",2023-10-12 09:17:06+00:00,photos\@Fashiontera_3589.jpg
Fashion tera,@Fashiontera,3588,,2023-10-12 09:17:06+00:00,photos\@Fashiontera_3588.jpg
Fashion tera,@Fashiontera,3587,"Air Jordan 
Made in  Vietnam 
Size 41,42
Price 2000
(Free Delivery)
Inbox @Hiwe5266
рѕхрѕЇріГ +251945355266

    РЎд№ИЈ рЇІрѕйріЋ рЅ░рѕФ /Fashion TeraРЎд№ИЈ
          сђ░сђ░сђ░сђ░сђ░сђ░сђ░сђ░
ріарІхрѕФрѕ╗: ріарІ▓рѕх ріарЅарЅБ ,рїдрѕГ рѕђрІГрѕјрЅй рІхрѕфрѕЮ рЅ│рІѕрѕГ 2рЅ░ріЏ рЇјрЅЁ
рЅбрѕ« рЅЂрїЦрѕГ 205
сђ░сђ░сђ░сђ░сђ░",2023-10-12 09:08:53+00:00,photos\@Fashiontera_3587.jpg
Fashion tera,@Fashiontera,3586,,2023-10-12 09:08:53+00:00,photos\@Fashiontera_3586.jpg
Fashion tera,@Fashiontera,3585,"сђ░№ИЈсђ░№ИЈсђ░№ИЈсђ░№ИЈсђ░№ИЈсђ░№ИЈсђ░№ИЈ
 GIORGIO ARMANI (Men Socks)
Price 1000 ( 5№ИЈРЃБpc)
(No Delivery)
Inbox @Hiwe5266
рѕхрѕЇріГ +251945355266

    РЎд№ИЈ рЇІрѕйріЋ рЅ░рѕФ /Fashion TeraРЎд№ИЈ
          сђ░№ИЈсђ░№ИЈсђ░№ИЈсђ░№ИЈсђ░№ИЈсђ░№ИЈсђ░№ИЈсђ░№ИЈ
ріарІхрѕФрѕ╗: ріарІ▓рѕх ріарЅарЅБ ,рїдрѕГ рѕђрІГрѕјрЅй рІхрѕфрѕЮ рЅ│рІѕрѕГ 2рЅ░ріЏ рЇјрЅЁ
рЅбрѕ« рЅЂрїЦрѕГ 205
сђ░№ИЈсђ░№ИЈсђ░№ИЈсђ░№ИЈсђ░№ИЈ",2023-10-06 14:20:34+00:00,photos\@Fashiontera_3585.jpg
Fashion tera,@Fashiontera,3584,"сђ░№ИЈсђ░№ИЈсђ░№ИЈсђ░№ИЈсђ░№ИЈсђ░№ИЈсђ░№ИЈ
 Jordan 11
Made in Vietnam 
Size  40,41,42,43,44
Price 3400
(Free Delivery)
Inbox @Hiwe5266
рѕхрѕЇріГ +251945355266

    РЎд№ИЈ рЇІрѕйріЋ рЅ░рѕФ /Fashion TeraРЎд№ИЈ
          сђ░№ИЈсђ░№ИЈсђ░№ИЈсђ░№ИЈсђ░№ИЈсђ░№ИЈсђ░№ИЈсђ░№ИЈ
ріарІхрѕФрѕ╗: ріарІ▓рѕх ріарЅарЅБ ,рїдрѕГ рѕђрІГрѕјрЅй рІхрѕфрѕЮ рЅ│рІѕрѕГ 2рЅ░ріЏ рЇјрЅЁ
рЅбрѕ« рЅЂрїЦрѕГ 205
сђ░№ИЈсђ░№ИЈсђ░№ИЈсђ░№ИЈсђ░№ИЈ",2023-10-03 20:30:10+00:00,photos\@Fashiontera_3584.jpg
Fashion tera,@Fashiontera,3583,,2023-10-03 20:30:10+00:00,photos\@Fashiontera_3583.jpg
Fashion tera,@Fashiontera,3582,,2023-10-03 20:30:10+00:00,photos\@Fashiontera_3582.jpg
Fashion tera,@Fashiontera,3581,"сђ░№ИЈсђ░№ИЈсђ░№ИЈсђ░№ИЈсђ░№ИЈсђ░№ИЈсђ░№ИЈ
Adidas Yezzy v3
Made in Vietnam 
Size    36,37,38,39
Price 2800
(Free Delivery)
Inbox @Hiwe5266
рѕхрѕЇріГ +251945355266

    РЎд№ИЈ рЇІрѕйріЋ рЅ░рѕФ /Fashion TeraРЎд№ИЈ
          сђ░№ИЈсђ░№ИЈсђ░№ИЈсђ░№ИЈсђ░№ИЈсђ░№ИЈсђ░№ИЈсђ░№ИЈ
ріарІхрѕФрѕ╗: ріарІ▓рѕх ріарЅарЅБ ,рїдрѕГ рѕђрІГрѕјрЅй рІхрѕфрѕЮ рЅ│рІѕрѕГ 2рЅ░ріЏ рЇјрЅЁ
рЅбрѕ« рЅЂрїЦрѕГ 205
сђ░№ИЈсђ░№ИЈсђ░№ИЈсђ░№ИЈсђ░№ИЈ",2023-09-29 12:42:01+00:00,photos\@Fashiontera_3581.jpg
Fashion tera,@Fashiontera,3580,,2023-09-29 12:42:01+00:00,photos\@Fashiontera_3580.jpg
Fashion tera,@Fashiontera,3579,,2023-09-29 12:42:00+00:00,photos\@Fashiontera_3579.jpg
Fashion tera,@Fashiontera,3576,"Air Force 
Made in  Vietnam 
Size 36,37,38
Price 2000
(Free Delivery)
Inbox @Hiwe5266
рѕхрѕЇріГ +251945355266

    РЎд№ИЈ рЇІрѕйріЋ рЅ░рѕФ /Fashion TeraРЎд№ИЈ
          сђ░сђ░сђ░сђ░сђ░сђ░сђ░сђ░
ріарІхрѕФрѕ╗: ріарІ▓рѕх ріарЅарЅБ ,рїдрѕГ рѕђрІГрѕјрЅй рІхрѕфрѕЮ рЅ│рІѕрѕГ 2рЅ░ріЏ рЇјрЅЁ
рЅбрѕ« рЅЂрїЦрѕГ 205
сђ░сђ░сђ░сђ░сђ░",2023-09-23 18:51:06+00:00,photos\@Fashiontera_3576.jpg
Fashion tera,@Fashiontera,3575,"­ЪЏЉDiscount prices ­ЪЏЉ 
Vest jacket -2300-large 
Fur jacket-2900-xl
(No delivery)
Inbox @Hiwe5266
рѕхрѕЇріГ +251945355266

    РЎд№ИЈ рЇІрѕйріЋ рЅ░рѕФ /Fashion TeraРЎд№ИЈ
          сђ░сђ░сђ░сђ░сђ░сђ░сђ░сђ░
ріарІхрѕФрѕ╗: ріарІ▓рѕх ріарЅарЅБ ,рїдрѕГ рѕђрІГрѕјрЅй рІхрѕфрѕЮ рЅ│рІѕрѕГ 2рЅ░ріЏ рЇјрЅЁ
рЅбрѕ« рЅЂрїЦрѕГ 205
сђ░сђ░сђ░сђ░сђ░",2023-09-22 19:42:54+00:00,photos\@Fashiontera_3575.jpg
Fashion tera,@Fashiontera,3574,,2023-09-22 19:42:54+00:00,photos\@Fashiontera_3574.jpg
Fashion tera,@Fashiontera,3573,,2023-09-16 19:48:21+00:00,photos\@Fashiontera_3573.jpg
Fashion tera,@Fashiontera,3572,,2023-09-16 19:48:20+00:00,photos\@Fashiontera_3572.jpg
Fashion tera,@Fashiontera,3571,"сђ░№ИЈсђ░№ИЈсђ░№ИЈсђ░№ИЈсђ░№ИЈсђ░№ИЈсђ░№ИЈ
 Air Jordan 1┬а Low Travis scott
Made in Vietnam 
Size  #42
Price 2600
(Free Delivery)
Inbox @Hiwe5266
рѕхрѕЇріГ +251945355266

    РЎд№ИЈ рЇІрѕйріЋ рЅ░рѕФ /Fashion TeraРЎд№ИЈ
          сђ░№ИЈсђ░№ИЈсђ░№ИЈсђ░№ИЈсђ░№ИЈсђ░№ИЈсђ░№ИЈсђ░№ИЈ
ріарІхрѕФрѕ╗: ріарІ▓рѕх ріарЅарЅБ ,рїдрѕГ рѕђрІГрѕјрЅй рІхрѕфрѕЮ рЅ│рІѕрѕГ 2рЅ░ріЏ рЇјрЅЁ
рЅбрѕ« рЅЂрїЦрѕГ 205
сђ░№ИЈсђ░№ИЈсђ░№ИЈсђ░№ИЈсђ░№ИЈ",2023-09-16 19:48:20+00:00,photos\@Fashiontera_3571.jpg
Fashion tera,@Fashiontera,3570,"сђ░№ИЈсђ░№ИЈсђ░№ИЈсђ░№ИЈсђ░№ИЈсђ░№ИЈсђ░№ИЈ
 Air Jordan 4
Made in Vietnam 
Size  40,41,42
Price 3200
(Free Delivery)
Inbox @Hiwe5266
рѕхрѕЇріГ +251945355266

    РЎд№ИЈ рЇІрѕйріЋ рЅ░рѕФ /Fashion TeraРЎд№ИЈ
          сђ░№ИЈсђ░№ИЈсђ░№ИЈсђ░№ИЈсђ░№ИЈсђ░№ИЈсђ░№ИЈсђ░№ИЈ
ріарІхрѕФрѕ╗: ріарІ▓рѕх ріарЅарЅБ ,рїдрѕГ рѕђрІГрѕјрЅй рІхрѕфрѕЮ рЅ│рІѕрѕГ 2рЅ░ріЏ рЇјрЅЁ
рЅбрѕ« рЅЂрїЦрѕГ 205
сђ░№ИЈсђ░№ИЈсђ░№ИЈсђ░№ИЈсђ░№ИЈ",2023-09-16 19:38:40+00:00,photos\@Fashiontera_3570.jpg
Fashion tera,@Fashiontera,3569,,2023-09-16 19:38:40+00:00,photos\@Fashiontera_3569.jpg
Fashion tera,@Fashiontera,3568,,2023-09-16 19:38:39+00:00,photos\@Fashiontera_3568.jpg
Fashion tera,@Fashiontera,3567,,2023-09-13 12:48:49+00:00,photos\@Fashiontera_3567.jpg
Fashion tera,@Fashiontera,3566,,2023-09-13 12:48:49+00:00,photos\@Fashiontera_3566.jpg
Fashion tera,@Fashiontera,3565,,2023-09-13 12:48:49+00:00,photos\@Fashiontera_3565.jpg
Fashion tera,@Fashiontera,3564,"сђ░№ИЈсђ░№ИЈсђ░№ИЈсђ░№ИЈсђ░№ИЈсђ░№ИЈсђ░№ИЈ
 Jordan 11
Made in Vietnam 
Size  40,41,42,43,44
Price 3400
(Free Delivery)
Inbox @Hiwe5266
рѕхрѕЇріГ +251945355266

    РЎд№ИЈ рЇІрѕйріЋ рЅ░рѕФ /Fashion TeraРЎд№ИЈ
          сђ░№ИЈсђ░№ИЈсђ░№ИЈсђ░№ИЈсђ░№ИЈсђ░№ИЈсђ░№ИЈсђ░№ИЈ
ріарІхрѕФрѕ╗: ріарІ▓рѕх ріарЅарЅБ ,рїдрѕГ рѕђрІГрѕјрЅй рІхрѕфрѕЮ рЅ│рІѕрѕГ 2рЅ░ріЏ рЇјрЅЁ
рЅбрѕ« рЅЂрїЦрѕГ 205
сђ░№ИЈсђ░№ИЈсђ░№ИЈсђ░№ИЈсђ░№ИЈ",2023-09-13 12:48:49+00:00,photos\@Fashiontera_3564.jpg
Fashion tera,@Fashiontera,3557,,2023-09-11 16:02:46+00:00,photos\@Fashiontera_3557.jpg
Fashion tera,@Fashiontera,3556,,2023-09-11 16:02:46+00:00,photos\@Fashiontera_3556.jpg
Fashion tera,@Fashiontera,3547,,2023-09-08 14:19:44+00:00,photos\@Fashiontera_3547.jpg
Fashion tera,@Fashiontera,3546,,2023-09-08 14:19:44+00:00,photos\@Fashiontera_3546.jpg
Fashion tera,@Fashiontera,3545,,2023-09-08 14:19:44+00:00,photos\@Fashiontera_3545.jpg
Fashion tera,@Fashiontera,3544,,2023-09-08 14:19:44+00:00,photos\@Fashiontera_3544.jpg
Fashion tera,@Fashiontera,3543,,2023-09-08 14:19:43+00:00,photos\@Fashiontera_3543.jpg
Fashion tera,@Fashiontera,3542,"сђ░№ИЈсђ░№ИЈсђ░№ИЈсђ░№ИЈсђ░№ИЈсђ░№ИЈсђ░№ИЈ
Adidas 
Made in Vietnam 
Size    41,42,43
Price 2900
(Free Delivery)
Inbox @Hiwe5266
рѕхрѕЇріГ +251945355266

    РЎд№ИЈ рЇІрѕйріЋ рЅ░рѕФ /Fashion TeraРЎд№ИЈ
          сђ░№ИЈсђ░№ИЈсђ░№ИЈсђ░№ИЈсђ░№ИЈсђ░№ИЈсђ░№ИЈсђ░№ИЈ
ріарІхрѕФрѕ╗: ріарІ▓рѕх ріарЅарЅБ ,рїдрѕГ рѕђрІГрѕјрЅй рІхрѕфрѕЮ рЅ│рІѕрѕГ 2рЅ░ріЏ рЇјрЅЁ
рЅбрѕ« рЅЂрїЦрѕГ 205
сђ░№ИЈсђ░№ИЈсђ░№ИЈсђ░№ИЈсђ░№ИЈ",2023-09-07 13:05:23+00:00,photos\@Fashiontera_3542.jpg
Fashion tera,@Fashiontera,3541,,2023-09-07 13:05:23+00:00,photos\@Fashiontera_3541.jpg
Fashion tera,@Fashiontera,3540,,2023-09-07 13:05:23+00:00,photos\@Fashiontera_3540.jpg
Fashion tera,@Fashiontera,3508,"­Ъї╝­Ъї╝New Year Discount ­Ъї╝­Ъї╝
сђ░№ИЈсђ░№ИЈсђ░№ИЈсђ░№ИЈсђ░№ИЈсђ░№ИЈсђ░№ИЈ
European shoes 
MARC FISHER (Pure Leather)
Size   #42
Prices 6500РЮї 5950РюЁ
(Free Delivery)
Inbox @Hiwe5266
рѕхрѕЇріГ +251945355266

    РЎд№ИЈ рЇІрѕйріЋ рЅ░рѕФ /Fashion TeraРЎд№ИЈ
          сђ░№ИЈсђ░№ИЈсђ░№ИЈсђ░№ИЈсђ░№ИЈсђ░№ИЈсђ░№ИЈсђ░№ИЈ
ріарІхрѕФрѕ╗: ріарІ▓рѕх ріарЅарЅБ ,рїдрѕГ рѕђрІГрѕјрЅй рІхрѕфрѕЮ рЅ│рІѕрѕГ 2рЅ░ріЏ рЇјрЅЁ
рЅбрѕ« рЅЂрїЦрѕГ 205
сђ░№ИЈсђ░№ИЈсђ░№ИЈсђ░№ИЈсђ░№ИЈ
­Ъї╝­Ъї╝­Ъї╝­Ъї╝­Ъї╝­Ъї╝­Ъї╝­Ъї╝­Ъї╝­Ъї╝­Ъї╝­Ъї╝",2023-09-06 07:35:18+00:00,photos\@Fashiontera_3508.jpg
Fashion tera,@Fashiontera,3505,"сђ░№ИЈсђ░№ИЈсђ░№ИЈсђ░№ИЈсђ░№ИЈсђ░№ИЈсђ░№ИЈ
 Air Jordan 4
Made in Vietnam 
Size  40,41,42,43
Price 3200
(Free Delivery)
Inbox @Hiwe5266
рѕхрѕЇріГ +251945355266

    РЎд№ИЈ рЇІрѕйріЋ рЅ░рѕФ /Fashion TeraРЎд№ИЈ
          сђ░№ИЈсђ░№ИЈсђ░№ИЈсђ░№ИЈсђ░№ИЈсђ░№ИЈсђ░№ИЈсђ░№ИЈ
ріарІхрѕФрѕ╗: ріарІ▓рѕх ріарЅарЅБ ,рїдрѕГ рѕђрІГрѕјрЅй рІхрѕфрѕЮ рЅ│рІѕрѕГ 2рЅ░ріЏ рЇјрЅЁ
рЅбрѕ« рЅЂрїЦрѕГ 205
сђ░№ИЈсђ░№ИЈсђ░№ИЈсђ░№ИЈсђ░№ИЈ",2023-09-05 14:47:24+00:00,photos\@Fashiontera_3505.jpg
Fashion tera,@Fashiontera,3504,,2023-09-05 14:47:24+00:00,photos\@Fashiontera_3504.jpg
Fashion tera,@Fashiontera,3503,,2023-09-05 14:47:24+00:00,photos\@Fashiontera_3503.jpg
Fashion tera,@Fashiontera,3502,,2023-09-05 14:47:24+00:00,photos\@Fashiontera_3502.jpg
Fashion tera,@Fashiontera,3500,"сђ░№ИЈсђ░№ИЈсђ░№ИЈсђ░№ИЈсђ░№ИЈсђ░№ИЈсђ░№ИЈ
 Air Jordan 
Size 40,41,42
Price 1900
(Free Delivery)
Inbox @Hiwe5266
рѕхрѕЇріГ +251945355266

    РЎд№ИЈ рЇІрѕйріЋ рЅ░рѕФ /Fashion TeraРЎд№ИЈ
          сђ░№ИЈсђ░№ИЈсђ░№ИЈсђ░№ИЈсђ░№ИЈсђ░№ИЈсђ░№ИЈсђ░№ИЈ
ріарІхрѕФрѕ╗: ріарІ▓рѕх ріарЅарЅБ ,рїдрѕГ рѕђрІГрѕјрЅй рІхрѕфрѕЮ рЅ│рІѕрѕГ 2рЅ░ріЏ рЇјрЅЁ
рЅбрѕ« рЅЂрїЦрѕГ 205
сђ░№ИЈсђ░№ИЈсђ░№ИЈсђ░№ИЈ",2023-08-30 13:04:57+00:00,photos\@Fashiontera_3500.jpg
Fashion tera,@Fashiontera,3499,,2023-08-30 13:04:57+00:00,photos\@Fashiontera_3499.jpg
Fashion tera,@Fashiontera,3498,,2023-08-30 13:04:57+00:00,photos\@Fashiontera_3498.jpg
Fashion tera,@Fashiontera,3495,"сђ░№ИЈсђ░№ИЈсђ░№ИЈсђ░№ИЈсђ░№ИЈсђ░№ИЈсђ░№ИЈ
CHEKICH
Made in Turkey
Size 41,42
(Free Delivery)
Inbox @Hiwe5266
рѕхрѕЇріГ +251945355266

    РЎд№ИЈ рЇІрѕйріЋ рЅ░рѕФ /Fashion TeraРЎд№ИЈ
          сђ░№ИЈсђ░№ИЈсђ░№ИЈсђ░№ИЈсђ░№ИЈсђ░№ИЈсђ░№ИЈсђ░№ИЈ
ріарІхрѕФрѕ╗: ріарІ▓рѕх ріарЅарЅБ ,рїдрѕГ рѕђрІГрѕјрЅй рІхрѕфрѕЮ рЅ│рІѕрѕГ 2рЅ░ріЏ рЇјрЅЁ
рЅбрѕ« рЅЂрїЦрѕГ 205
сђ░№ИЈсђ░№ИЈсђ░№ИЈсђ░№ИЈсђ░№ИЈ",2023-08-23 12:59:34+00:00,photos\@Fashiontera_3495.jpg
Fashion tera,@Fashiontera,3494,,2023-08-23 12:59:34+00:00,photos\@Fashiontera_3494.jpg
Fashion tera,@Fashiontera,3493,"сђ░№ИЈсђ░№ИЈсђ░№ИЈсђ░№ИЈсђ░№ИЈсђ░№ИЈсђ░№ИЈ
 Air Jordan Retro 
Made in Vietnam 
Size     42,43
Prices 3500
(Free Delivery)
Inbox @Hiwe5266
рѕхрѕЇріГ +251945355266

    РЎд№ИЈ рЇІрѕйріЋ рЅ░рѕФ /Fashion TeraРЎд№ИЈ
          сђ░№ИЈсђ░№ИЈсђ░№ИЈсђ░№ИЈсђ░№ИЈсђ░№ИЈсђ░№ИЈсђ░№ИЈ
ріарІхрѕФрѕ╗: ріарІ▓рѕх ріарЅарЅБ ,рїдрѕГ рѕђрІГрѕјрЅй рІхрѕфрѕЮ рЅ│рІѕрѕГ 2рЅ░ріЏ рЇјрЅЁ
рЅбрѕ« рЅЂрїЦрѕГ 205
сђ░№ИЈсђ░№ИЈсђ░№ИЈсђ░№ИЈсђ░№ИЈ",2023-08-21 20:19:20+00:00,photos\@Fashiontera_3493.jpg
Fashion tera,@Fashiontera,3492,,2023-08-20 18:44:06+00:00,photos\@Fashiontera_3492.jpg
Fashion tera,@Fashiontera,3491,,2023-08-20 18:44:06+00:00,photos\@Fashiontera_3491.jpg
Fashion tera,@Fashiontera,3490,,2023-08-20 18:44:05+00:00,photos\@Fashiontera_3490.jpg
Fashion tera,@Fashiontera,3489,"сђ░№ИЈсђ░№ИЈсђ░№ИЈсђ░№ИЈсђ░№ИЈсђ░№ИЈсђ░№ИЈ
Reebok
Made in Vietnam 
Size  41,43
Prices  2950
(Free Delivery)
Inbox @Hiwe5266
рѕхрѕЇріГ +251945355266

    РЎд№ИЈ рЇІрѕйріЋ рЅ░рѕФ /Fashion TeraРЎд№ИЈ
          сђ░№ИЈсђ░№ИЈсђ░№ИЈсђ░№ИЈсђ░№ИЈсђ░№ИЈсђ░№ИЈсђ░№ИЈ
ріарІхрѕФрѕ╗: ріарІ▓рѕх ріарЅарЅБ ,рїдрѕГ рѕђрІГрѕјрЅй рІхрѕфрѕЮ рЅ│рІѕрѕГ 2рЅ░ріЏ рЇјрЅЁ
рЅбрѕ« рЅЂрїЦрѕГ 205
сђ░№ИЈсђ░№ИЈсђ░№ИЈсђ░№ИЈсђ░№ИЈ",2023-08-16 16:30:48+00:00,photos\@Fashiontera_3489.jpg
Fashion tera,@Fashiontera,3488,"ROLEX COUPLE WATCH 
Prices 4300
(Free Delivery)
Inbox @Hiwe5266
рѕхрѕЇріГ +251945355266

    РЎд№ИЈ рЇІрѕйріЋ рЅ░рѕФ /Fashion TeraРЎд№ИЈ
          сђ░сђ░сђ░сђ░сђ░сђ░сђ░сђ░
ріарІхрѕФрѕ╗: ріарІ▓рѕх ріарЅарЅБ ,рїдрѕГ рѕђрІГрѕјрЅй рІхрѕфрѕЮ рЅ│рІѕрѕГ 2рЅ░ріЏ рЇјрЅЁ
рЅбрѕ« рЅЂрїЦрѕГ 205
сђ░сђ░сђ░сђ░сђ░",2023-08-12 15:28:11+00:00,photos\@Fashiontera_3488.jpg
Fashion tera,@Fashiontera,3487,,2023-08-12 15:28:10+00:00,photos\@Fashiontera_3487.jpg
Fashion tera,@Fashiontera,3486,,2023-08-12 15:28:10+00:00,photos\@Fashiontera_3486.jpg
Fashion tera,@Fashiontera,3485,"Fur Jacket 
Size Xl,2xl,4xl
Prices 3200
(No delivery)
Inbox @Hiwe5266
рѕхрѕЇріГ +251945355266

    РЎд№ИЈ рЇІрѕйріЋ рЅ░рѕФ /Fashion TeraРЎд№ИЈ
          сђ░сђ░сђ░сђ░сђ░сђ░сђ░сђ░
ріарІхрѕФрѕ╗: ріарІ▓рѕх ріарЅарЅБ ,рїдрѕГ рѕђрІГрѕјрЅй рІхрѕфрѕЮ рЅ│рІѕрѕГ 2рЅ░ріЏ рЇјрЅЁ
рЅбрѕ« рЅЂрїЦрѕГ 205
сђ░сђ░сђ░сђ░сђ░",2023-08-09 19:47:42+00:00,photos\@Fashiontera_3485.jpg
Fashion tera,@Fashiontera,3484,"Vest Jacket 
Size Xl,2xl
Prices 2600
(No delivery)
Inbox @Hiwe5266
рѕхрѕЇріГ +251945355266

    РЎд№ИЈ рЇІрѕйріЋ рЅ░рѕФ /Fashion TeraРЎд№ИЈ
          сђ░сђ░сђ░сђ░сђ░сђ░сђ░сђ░
ріарІхрѕФрѕ╗: ріарІ▓рѕх ріарЅарЅБ ,рїдрѕГ рѕђрІГрѕјрЅй рІхрѕфрѕЮ рЅ│рІѕрѕГ 2рЅ░ріЏ рЇјрЅЁ
рЅбрѕ« рЅЂрїЦрѕГ 205
сђ░сђ░сђ░сђ░сђ░",2023-08-09 19:47:08+00:00,photos\@Fashiontera_3484.jpg
Fashion tera,@Fashiontera,3483,"Air Force 
Made in  Vietnam 
Size 36,37,38
Price 2100
(Free Delivery)
Inbox @Hiwe5266
рѕхрѕЇріГ +251945355266

    РЎд№ИЈ рЇІрѕйріЋ рЅ░рѕФ /Fashion TeraРЎд№ИЈ
          сђ░сђ░сђ░сђ░сђ░сђ░сђ░сђ░
ріарІхрѕФрѕ╗: ріарІ▓рѕх ріарЅарЅБ ,рїдрѕГ рѕђрІГрѕјрЅй рІхрѕфрѕЮ рЅ│рІѕрѕГ 2рЅ░ріЏ рЇјрЅЁ
рЅбрѕ« рЅЂрїЦрѕГ 205
сђ░сђ░сђ░сђ░сђ░",2023-08-08 13:40:55+00:00,photos\@Fashiontera_3483.jpg
Fashion tera,@Fashiontera,3482,"Air Force 
Made in  Vietnam 
Size 41,42
Price 2100
(Free Delivery)
Inbox @Hiwe5266
рѕхрѕЇріГ +251945355266

    РЎд№ИЈ рЇІрѕйріЋ рЅ░рѕФ /Fashion TeraРЎд№ИЈ
          сђ░сђ░сђ░сђ░сђ░сђ░сђ░сђ░
ріарІхрѕФрѕ╗: ріарІ▓рѕх ріарЅарЅБ ,рїдрѕГ рѕђрІГрѕјрЅй рІхрѕфрѕЮ рЅ│рІѕрѕГ 2рЅ░ріЏ рЇјрЅЁ
рЅбрѕ« рЅЂрїЦрѕГ 205
сђ░сђ░сђ░сђ░сђ░",2023-08-07 19:54:39+00:00,photos\@Fashiontera_3482.jpg
Fashion tera,@Fashiontera,3481,"VIGUER Automatic Watches (Men)
Price 3500 (With gift box )
(Free Delivery)
Inbox @Hiwe5266
рѕхрѕЇріГ +251945355266

    РЎд№ИЈ рЇІрѕйріЋ рЅ░рѕФ /Fashion TeraРЎд№ИЈ
          сђ░сђ░сђ░сђ░сђ░сђ░сђ░сђ░
ріарІхрѕФрѕ╗: ріарІ▓рѕх ріарЅарЅБ ,рїдрѕГ рѕђрІГрѕјрЅй рІхрѕфрѕЮ рЅ│рІѕрѕГ 2рЅ░ріЏ рЇјрЅЁ
рЅбрѕ« рЅЂрїЦрѕГ 205
сђ░сђ░сђ░сђ░сђ░",2023-08-03 13:22:47+00:00,photos\@Fashiontera_3481.jpg
Fashion tera,@Fashiontera,3480,,2023-08-03 13:22:46+00:00,photos\@Fashiontera_3480.jpg
Fashion tera,@Fashiontera,3479,,2023-08-03 13:22:46+00:00,photos\@Fashiontera_3479.jpg
Fashion tera,@Fashiontera,3476,"сђ░№ИЈсђ░№ИЈсђ░№ИЈсђ░№ИЈсђ░№ИЈсђ░№ИЈсђ░№ИЈ
CHEKICH
Made in Turkey
Size 40,41,42,43
Prices 3900
(Free Delivery)
Inbox @Hiwe5266
рѕхрѕЇріГ +251945355266

    РЎд№ИЈ рЇІрѕйріЋ рЅ░рѕФ /Fashion TeraРЎд№ИЈ
          сђ░№ИЈсђ░№ИЈсђ░№ИЈсђ░№ИЈсђ░№ИЈсђ░№ИЈсђ░№ИЈсђ░№ИЈ
ріарІхрѕФрѕ╗: ріарІ▓рѕх ріарЅарЅБ ,рїдрѕГ рѕђрІГрѕјрЅй рІхрѕфрѕЮ рЅ│рІѕрѕГ 2рЅ░ріЏ рЇјрЅЁ
рЅбрѕ« рЅЂрїЦрѕГ 205
сђ░№ИЈсђ░№ИЈсђ░№ИЈсђ░№ИЈсђ░№ИЈ",2023-08-02 14:05:58+00:00,photos\@Fashiontera_3476.jpg
